T_32,T_37,T_43,T_47,T_50,T_53,T_55,T_56,T_57,T_63,T_67,T_80,T_82,T_83,T_99,T_106,T_110,T_SC,T_32_NM,T_37_NM,T_43_NM,T_47_NM,T_50_NM,T_53_NM,T_55_NM,T_56_NM,T_57_NM,T_63_NM,T_67_NM,T_80_NM,T_82_NM,T_83_NM,T_99_NM,T_106_NM,T_110_NM,T_SC_NM
17,0,0,1,3,4,0,5062,5166,5.71,20,0,7,5114.00 ,8.33 ,0,1,62.02,0.069767442,0,0,0.142857143,0.066666667,0.095238095,0,0.03428703,0.039830071,0.417989418,0.010357328,0,0.044585987,0.03687932,0.002311604,0,1,0.374479549
6,0,0,3,2,0,0,1277,836,5.71,7,0,2,1056.50 ,4.67 ,0,1,65.66,0.018604651,0,0,0.428571429,0.044444444,0,0,0.008649652,0.006445594,0.417989418,0.003625065,0,0.012738854,0.00761889,0.001294498,0,1,0.463629684
13,0,0,0,1,1,0,3006,2849,2.46,0,0,2,2927.50 ,0.00 ,0,0,64.5,0.051162791,0,0,0,0.022222222,0.023809524,0,0.020360888,0.021965906,0.203042328,0,0,0.012738854,0.0211115,0,0,0,0.435219202
16,0,1,3,0,0,0,8650,8262,5.71,0,1,0,8456.00 ,71.67 ,1,1,66.35,0.065116279,0,0.142857143,0.428571429,0,0,0,0.058590046,0.063700357,0.417989418,0,0.5,0,0.060979963,0.019879797,1,1,0.480529023
6,0,0,2,0,0,0,6095,5525,2.46,0,0,0,5810.00 ,0.00 ,0,0,54.82,0.018604651,0,0,0.285714286,0,0,0,0.041283969,0.042597975,0.203042328,0,0,0,0.041898485,0,0,0,0.198138624
73,0,3,2,6,15,0,9674,11529,2.75,41,0,21,10601.50 ,55.33 ,1,1,82.24,0.330232558,0,0.428571429,0.285714286,0.133333333,0.357142857,0,0.065526023,0.08888906,0.222222222,0.021232522,0,0.133757962,0.076452114,0.015349052,1,1,0.869703649
11,0,4,0,1,0,0,5014,5013,2.46,0,1,1,5013.50 ,0.00 ,0,0,68.6,0.041860465,0,0.571428571,0,0.022222222,0,0,0.033961906,0.038650434,0.203042328,0,0.5,0.006369427,0.03615457,0,0,0,0.535635562
10,0,1,0,0,0,0,2375,2294,5.71,0,0,0,2334.50 ,0.00 ,0,0,56.67,0.037209302,0,0.142857143,0,0,0,0,0.016086862,0.017686834,0.417989418,0,0,0,0.016835114,0,0,0,0.243448445
9,0,0,5,0,0,0,1831,1203,5.71,20,0,0,1517.00 ,11.33 ,0,1,59.88,0.03255814,0,0,0.714285714,0,0,0,0.012402124,0.009275179,0.417989418,0.010357328,0,0,0.010939759,0.003143782,0,1,0.322067108
16,0,0,1,0,0,0,5651,4878,2.21,7,0,0,5264.50 ,11.33 ,0,1,65.36,0.065116279,0,0,0.142857143,0,0,0,0.038276572,0.037609579,0.186507937,0.003625065,0,0,0.037964642,0.003143782,0,1,0.456282145
139,0,2,3,45,42,0,69077,76768,5.71,0,1,97,72922.50 ,363.00 ,1,1,77.63,0.637209302,0,0.285714286,0.428571429,1,1,0,0.467887236,0.591884411,0.417989418,0,0.5,0.617834395,0.525876461,0.100693481,1,1,0.756796473
53,1,1,1,1,2,0,7657,5528,5.71,0,1,3,6592.50 ,26.67 ,0,1,71.29,0.237209302,1,0.142857143,0.142857143,0.022222222,0.047619048,0,0.051864044,0.042621105,0.417989418,0,0.5,0.01910828,0.047541439,0.007397134,0,1,0.601518491
10,1,0,2,0,1,0,14492,14025,2.46,0,1,1,14258.50 ,0.00 ,0,0,63.51,0.037209302,1,0,0.285714286,0,0.023809524,0,0.09816034,0.108133322,0.203042328,0,0.5,0.006369427,0.102824362,0,0,0,0.410972324
14,0,3,4,0,2,0,3439,3587,5.71,33,1,2,3513.00 ,38.67 ,0,1,60.58,0.055813953,0,0.428571429,0.571428571,0,0.047619048,0,0.023293777,0.027655916,0.417989418,0.017089591,0.5,0.012738854,0.0253338,0.010725844,0,1,0.339211364
5,0,4,4,0,2,0,206,1126,2.21,4,0,6,666.00 ,5.67 ,0,1,67.08,0.013953488,0,0.571428571,0.571428571,0,0.047619048,0,0.001395324,0.008681506,0.186507937,0.002071466,0,0.038216561,0.004802821,0.001571891,0,1,0.498408033
20,0,0,0,0,0,0,19731,21787,2.46,0,0,0,20759.00 ,0.00 ,0,0,57.85,0.08372093,0,0,0,0,0,0,0.133646265,0.167978659,0.203042328,0,0,0,0.149702348,0,0,0,0.272348763
6,0,0,0,0,0,0,3167,2620,2.46,0,0,0,2893.50 ,0.00 ,0,0,56.05,0.018604651,0,0,0,0,0,0,0.021451408,0.020200307,0.203042328,0,0,0,0.020866311,0,0,0,0.228263532
8,0,0,1,0,0,0,10097,5592,2.21,0,0,0,7844.50 ,0.00 ,0,0,56.11,0.027906977,0,0,0.142857143,0,0,0,0.068391178,0.043114548,0.186507937,0,0,0,0.056570166,0,0,0,0.229733039
11,0,3,1,2,1,0,2185,2233,2.21,0,0,3,2209.00 ,20.00 ,0,1,63.17,0.041860465,0,0.428571429,0.142857143,0.044444444,0.023809524,0,0.014799913,0.017216521,0.186507937,0,0,0.01910828,0.015930078,0.00554785,0,1,0.402645114
10,0,3,3,6,0,0,7644,7647,5.43,0,1,6,7645.50 ,90.33 ,1,1,73.55,0.037209302,0,0.428571429,0.428571429,0.133333333,0,0,0.05177599,0.058958682,0.399470899,0,0.5,0.038216561,0.055135088,0.02505779,1,1,0.656869949
4,0,0,0,0,0,0,4643,4501,2.46,0,0,0,4572.00 ,0.00 ,0,0,62.9,0.009302326,0,0,0,0,0,0,0.031448969,0.034702894,0.203042328,0,0,0,0.032970718,0,0,0,0.396032329
4,0,0,1,0,0,0,5088,4422,5.43,0,0,0,4755.00 ,1.33 ,0,1,53.81,0.009302326,0,0,0.142857143,0,0,0,0.034463139,0.0340938,0.399470899,0,0,0,0.034290412,0.000369857,0,1,0.17340191
9,0,0,2,0,1,0,1096,1715,2.21,0,0,1,1405.50 ,0.00 ,0,0,60.11,0.03255814,0,0,0.285714286,0,0.023809524,0,0.007423664,0.01322272,0.186507937,0,0,0.006369427,0.010135683,0,0,0,0.32770022
25,0,0,4,1,1,0,1673,794,5.43,0,1,2,1233.50 ,0.00 ,0,0,60.6,0.106976744,0,0,0.571428571,0.022222222,0.023809524,0,0.011331924,0.006121772,0.399470899,0,0.5,0.012738854,0.008895315,0,0,0,0.3397012
22,0,4,1,0,0,0,4928,5285,2.21,130,0,0,5106.50 ,167.00 ,0,1,68.2,0.093023256,0,0.571428571,0.142857143,0,0,0,0.033379393,0.040747566,0.186507937,0.067322631,0,0,0.036825234,0.046324549,0,1,0.525838844
14,0,0,0,0,0,0,6555,5642,5.43,0,0,0,6098.50 ,0.00 ,0,0,54.66,0.055813953,0,0,0,0,0,0,0.04439974,0.04350005,0.399470899,0,0,0,0.043978986,0,0,0,0.194219936
10,0,0,5,0,2,0,2007,1490,5.43,0,0,2,1748.50 ,0.00 ,0,0,56.85,0.037209302,0,0,0.714285714,0,0.047619048,0,0.013594245,0.011487961,0.399470899,0,0,0.012738854,0.012609208,0,0,0,0.247856968
12,0,0,0,1,0,0,554,809,5.43,0,0,1,681.50 ,0.00 ,0,0,52.59,0.046511628,0,0,0,0.022222222,0,0,0.003752472,0.006237423,0.399470899,0,0,0.006369427,0.004914598,0,0,0,0.14352192
12,0,0,1,0,0,0,590,686,5.43,0,0,0,638.00 ,0.00 ,0,0,67.92,0.046511628,0,0,0.142857143,0,0,0,0.003996315,0.005289088,0.399470899,0,0,0,0.004600901,0,0,0,0.518981141
80,0,4,1,1,0,0,44064,28817,5.43,0,0,1,36440.50 ,0.00 ,1,0,72.04,0.362790698,0,0.571428571,0.142857143,0.022222222,0,0,0.298463789,0.222180245,0.399470899,0,0,0.006369427,0.262788593,0,1,0,0.619887338
17,0,0,3,1,0,0,2262,2281,2.21,0,0,1,2271.50 ,0.00 ,0,0,64.9,0.069767442,0,0,0.428571429,0.022222222,0,0,0.015321466,0.017586603,0.186507937,0,0,0.006369427,0.016380793,0,0,0,0.44501592
87,0,2,1,5,24,0,30047,16499,5.43,78,0,29,23273.00 ,82.67 ,1,1,74.9,0.395348837,0,0.285714286,0.142857143,0.111111111,0.571428571,0,0.203520821,0.127207963,0.399470899,0.040393578,0,0.184713376,0.167831916,0.022931114,1,1,0.689933872
12,0,0,1,0,0,0,1050,1404,5.43,0,0,0,1227.00 ,0.00 ,0,0,60.31,0.046511628,0,0,0.142857143,0,0,0,0.007112086,0.010824897,0.399470899,0,0,0,0.008848441,0,0,0,0.332598579
62,1,3,6,17,41,0,20683,14713,5.43,528,2,61,17698.00 ,840.00 ,1,1,77.92,0.279069767,1,0.428571429,0.857142857,0.377777778,0.976190476,0,0.140094557,0.11343783,0.399470899,0.273433454,1,0.388535032,0.12762812,0.233009709,1,1,0.763899094
6,0,5,2,3,8,0,316,394,5.43,73,1,11,355.00 ,25.00 ,1,1,74.81,0.018604651,0,0.714285714,0.285714286,0.066666667,0.19047619,0,0.002140399,0.003037756,0.399470899,0.037804247,0.5,0.070063694,0.002560062,0.006934813,1,1,0.687729611
5,0,0,1,0,0,0,760,555,5.43,0,0,0,657.50 ,0.00 ,0,0,61.01,0.013953488,0,0,0.142857143,0,0,0,0.005147796,0.004279073,0.399470899,0,0,0,0.004741524,0,0,0,0.349742836
9,0,0,2,0,3,0,1171,531,7.92,3,1,3,851.00 ,14.33 ,0,1,57.58,0.03255814,0,0,0.285714286,0,0.071428571,0,0.00793167,0.004094032,0.564153439,0.001553599,0.5,0.01910828,0.006136938,0.003975959,0,1,0.265735978
12,0,0,0,0,3,0,4709,4985,6.29,0,0,5,4847.00 ,0.00 ,0,0,52.16,0.046511628,0,0,0,0,0.071428571,0,0.031896015,0.038434553,0.456349206,0,0,0.031847134,0.034953865,0,0,0,0.132990448
79,1,5,2,3,6,0,12843,11721,6.29,249,2,9,12282.00 ,83.00 ,1,1,66.34,0.358139535,1,0.714285714,0.285714286,0.066666667,0.142857143,0,0.086990978,0.090369388,0.456349206,0.128948731,1,0.057324841,0.088570944,0.023023578,1,1,0.480284105
4,0,2,0,1,1,0,5954,4234,6.29,11,0,2,5094.00 ,64.67 ,0,1,58.56,0.009302326,0,0.285714286,0,0.022222222,0.023809524,0,0.040328917,0.032644313,0.456349206,0.00569653,0,0.012738854,0.036735091,0.017938049,0,1,0.289737938
40,1,3,3,2,2,0,5764,4687,6.29,0,1,5,5225.50 ,138.67 ,0,1,65.26,0.176744186,1,0.428571429,0.428571429,0.044444444,0.047619048,0,0.039041968,0.036136961,0.456349206,0,0.5,0.031847134,0.037683396,0.038465095,0,1,0.453832966
4,0,0,1,1,1,0,2652,1873,6.29,0,1,2,2262.50 ,0.00 ,1,0,63.08,0.009302326,0,0,0.142857143,0.022222222,0.023809524,0,0.017963098,0.014440906,0.456349206,0,0.5,0.012738854,0.01631589,0,1,0,0.400440852
7,0,0,0,1,0,0,1175,1159,2.56,0,0,1,1167.00 ,1.00 ,0,1,55.08,0.023255814,0,0,0,0.022222222,0,0,0.007958763,0.008935937,0.209656085,0,0,0.006369427,0.008415754,0.000277393,0,1,0.20450649
4,0,0,0,3,0,0,1005,2840,5.95,0,0,3,1922.50 ,0.00 ,0,0,63.05,0.009302326,0,0,0,0.066666667,0,0,0.006807283,0.021896516,0.433862434,0,0,0.01910828,0.013863999,0,0,0,0.399706098
5,0,0,0,0,0,0,670,1427,5.95,0,0,0,1048.50 ,0.00 ,0,0,57.68,0.013953488,0,0,0,0,0,0,0.004538189,0.011002228,0.433862434,0,0,0,0.007561198,0,0,0,0.268185158
10,0,0,0,0,0,0,24917,2552,2.56,7,0,0,13734.50 ,2.33 ,0,1,61.35,0.037209302,0,0,0,0,0,0,0.168773199,0.019676024,0.209656085,0.003625065,0,0,0.099045566,0.000647249,0,1,0.358070047
28,0,0,0,0,0,0,5311,6355,3.64,0,0,0,5833.00 ,0.00 ,0,0,62.17,0.120930233,0,0,0,0,0,0,0.035973611,0.048997309,0.281084656,0,0,0,0.042064348,0,0,0,0.378153319
9,0,3,1,0,0,0,1340,1026,2.83,0,1,0,1183.00 ,0.00 ,1,0,51.26,0.03255814,0,0.428571429,0.142857143,0,0,0,0.009076377,0.007910502,0.227513228,0,0.5,0,0.008531137,0,1,0,0.110947832
15,0,0,0,0,0,0,1224,943,2.83,0,0,0,1083.50 ,0.00 ,0,0,56.26,0.060465116,0,0,0,0,0,0,0.008290661,0.007270568,0.227513228,0,0,0,0.007813599,0,0,0,0.233406809
31,0,5,1,3,3,0,14601,10445,5.27,0,1,157,12523.00 ,151.67 ,1,1,73.04,0.134883721,0,0.714285714,0.142857143,0.066666667,0.071428571,0,0.098898643,0.080531376,0.388888889,0,0.5,1,0.090308902,0.042071197,1,1,0.644379133
7,0,0,0,0,0,0,3292,0,2.83,0,0,0,1646.00 ,0.00 ,0,0,54.84,0.023255814,0,0,0,0,0,0,0.022298084,0,0.227513228,0,0,0,0.011870035,0,0,0,0.198628459
35,1,2,2,2,4,0,12538,10131,2.83,0,2,6,11334.50 ,105.67 ,1,1,72.48,0.153488372,1,0.285714286,0.285714286,0.044444444,0.095238095,0,0.084925086,0.078110423,0.227513228,0,1,0.038216561,0.081738102,0.029311142,1,1,0.630663728
9,0,0,0,1,0,0,6299,6736,2.83,0,0,1,6517.50 ,18.00 ,1,1,62.99,0.03255814,0,0,0,0.022222222,0,0,0.042665745,0.051934835,0.227513228,0,0,0.006369427,0.047000581,0.004993065,1,1,0.398236591
6,0,0,0,0,0,0,4003,3014,2.83,0,0,0,3508.50 ,0.00 ,0,0,51.21,0.018604651,0,0,0,0,0,0,0.027113983,0.023238063,0.227513228,0,0,0,0.025301348,0,0,0,0.109723243
33,0,0,0,1,0,0,1832,2216,2.83,0,0,1,2024.00 ,0.00 ,0,0,64.73,0.144186047,0,0,0,0.022222222,0,0,0.012408898,0.01708545,0.227513228,0,0,0.006369427,0.014595961,0,0,0,0.440852314
6,0,0,0,0,1,0,1641,1484,2.83,0,0,1,1562.50 ,0.00 ,0,0,62.27,0.018604651,0,0,0,0,0.023809524,0,0.011115175,0.011441701,0.227513228,0,0,0.006369427,0.01126788,0,0,0,0.380602498
3,0,0,0,0,0,0,3485,3939,2.83,0,0,0,3712.00 ,0.00 ,0,0,54.72,0.004651163,0,0,0,0,0,0,0.023605354,0.030369851,0.227513228,0,0,0,0.026768877,0,0,0,0.195689444
20,0,0,0,0,0,0,15065,7144,2.83,0,0,0,11104.50 ,0.00 ,0,0,55.08,0.08372093,0,0,0,0,0,0,0.102041507,0.055080531,0.227513228,0,0,0,0.08007947,0,0,0,0.20450649
54,0,3,0,0,0,0,147636,129701,2.83,962,0,0,138668.50 ,677.33 ,0,1,65.15,0.241860465,0,0.428571429,0,0,0,0,1,1,0.227513228,0.498187468,0,0,1,0.187887194,0,1,0.451138868
8,0,0,0,0,0,0,5983,3769,4.09,0,0,0,4876.00 ,0.00 ,0,0,51.59,0.027906977,0,0,0,0,0,0,0.040525346,0.029059144,0.310846561,0,0,0,0.035162997,0,0,0,0.119030125
10,0,0,0,0,0,0,5290,2373,4.09,0,0,0,3831.50 ,0.00 ,0,0,58.74,0.037209302,0,0,0,0,0,0,0.035831369,0.018295927,0.310846561,0,0,0,0.027630644,0,0,0,0.294146461
17,0,0,0,0,0,0,1438,1813,4.09,0,0,0,1625.50 ,0.00 ,0,0,59.04,0.069767442,0,0,0,0,0,0,0.009740172,0.013978304,0.310846561,0,0,0,0.011722201,0,0,0,0.301494
6,0,0,0,0,1,0,2518,3102,4.09,0,0,1,2810.00 ,0.00 ,0,0,57.54,0.018604651,0,0,0,0,0.023809524,0,0.017055461,0.023916547,0.310846561,0,0,0.006369427,0.020264155,0,0,0,0.264756307
20,0,5,0,0,0,0,6491,7006,4.09,0,0,0,6748.50 ,0.00 ,1,0,62.56,0.08372093,0,0.714285714,0,0,0,0,0.043966241,0.054016546,0.310846561,0,0,0,0.048666424,0,1,0,0.387705119
3,0,0,0,0,0,0,2361,2304,4.09,0,0,0,2332.50 ,0.00 ,0,0,54.23,0.004651163,0,0,0,0,0,0,0.015992034,0.017763934,0.310846561,0,0,0,0.016820691,0,0,0,0.183688464
28,0,0,1,0,2,0,19928,15987,4.09,0,0,2,17957.50 ,0.00 ,0,0,60.34,0.120930233,0,0,0.142857143,0,0.047619048,0,0.134980628,0.123260422,0.310846561,0,0,0.012738854,0.12949949,0,0,0,0.333333333
65,0,6,0,0,2,0,87882,88966,4.09,791,0,3,88424.00 ,802.33 ,0,1,72.23,0.293023256,0,0.857142857,0,0,0.047619048,0,0.595261318,0.685931489,0.310846561,0.409632315,0,0.01910828,0.637664646,0.222561258,0,1,0.624540779
9,0,0,0,0,2,0,3624,3263,4.09,0,0,5,3443.50 ,0.00 ,0,0,62.52,0.03255814,0,0,0,0,0.047619048,0,0.024546858,0.025157863,0.310846561,0,0,0.031847134,0.024832604,0,0,0,0.386725447
7,0,0,0,0,6,0,1424,1458,4.09,0,0,7,1441.00 ,0.00 ,0,0,61.06,0.023255814,0,0,0,0,0.142857143,0,0.009645344,0.011241239,0.310846561,0,0,0.044585987,0.01039169,0,0,0,0.350967426
16,0,3,1,0,0,0,2149,2587,4.09,0,1,0,2368.00 ,303.33 ,1,1,63.82,0.065116279,0,0.428571429,0.142857143,0,0,0,0.01455607,0.019945876,0.310846561,0,0.5,0,0.017076697,0.084142395,1,1,0.418564781
8,0,0,0,0,1,0,153,396,2.63,26,0,3,274.50 ,8.67 ,0,1,49.55,0.027906977,0,0,0,0,0.023809524,0,0.001036333,0.003053176,0.214285714,0.013464526,0,0.01910828,0.001979541,0.002404068,0,1,0.069066863
4,0,0,0,0,0,0,4373,2208,2.63,0,0,0,3290.50 ,0.00 ,0,0,52.05,0.009302326,0,0,0,0,0,0,0.029620147,0.01702377,0.214285714,0,0,0,0.023729254,0,0,0,0.130296351
9,0,1,1,2,3,0,7409,5009,2.63,0,1,5,6209.00 ,22.67 ,0,1,62.64,0.03255814,0,0.142857143,0.142857143,0.044444444,0.071428571,0,0.050184237,0.038619594,0.214285714,0,0.5,0.031847134,0.04477585,0.006287564,0,1,0.389664462
17,0,0,1,0,3,0,16973,5745,2.63,0,1,4,11359.00 ,43.67 ,1,1,66.13,0.069767442,0,0,0.142857143,0,0.071428571,0,0.114965185,0.044294184,0.214285714,0,0.5,0.025477707,0.081914782,0.012112806,1,1,0.475140828
18,1,1,1,0,5,0,1783,2788,5.36,0,1,12,2285.50 ,0.00 ,1,0,59.32,0.074418605,1,0.142857143,0.142857143,0,0.119047619,0,0.012077,0.021495594,0.39484127,0,0.5,0.076433121,0.016481753,0,1,0,0.308351702
10,0,3,2,1,3,0,1112,2244,5.36,33,0,5,1678.00 ,11.00 ,0,1,54.29,0.037209302,0,0.428571429,0.285714286,0.022222222,0.071428571,0,0.007532038,0.017301332,0.39484127,0.017089591,0,0.031847134,0.012100802,0.003051318,0,1,0.185157972
5,0,4,0,2,2,0,1834,1762,5.36,61,0,7,1798.00 ,77.67 ,0,1,56.29,0.013953488,0,0.571428571,0,0.044444444,0.047619048,0,0.012422444,0.013585092,0.39484127,0.03158985,0,0.044585987,0.012966175,0.021544152,0,1,0.234141563
8,0,1,1,5,4,0,3791,2702,5.36,39,1,25,3246.50 ,24.67 ,0,1,74.38,0.027906977,0,0.142857143,0.142857143,0.111111111,0.095238095,0,0.025678019,0.02083253,0.39484127,0.020196789,0.5,0.159235669,0.02341195,0.006842349,0,1,0.677198139
6,0,0,0,0,0,0,1331,1055,3.25,0,0,0,1193.00 ,0.00 ,0,0,53.63,0.018604651,0,0,0,0,0,0,0.009015416,0.008134093,0.255291005,0,0,0,0.008603252,0,0,0,0.168993387
7,0,0,2,0,0,0,1453,1370,3.25,0,0,0,1411.50 ,0.00 ,0,0,52.55,0.023255814,0,0,0.285714286,0,0,0,0.009841773,0.010562756,0.255291005,0,0,0,0.010178952,0,0,0,0.142542248
6,0,0,0,1,2,0,2796,960,3.27,0,0,3,1878.00 ,0.00 ,0,0,60.35,0.018604651,0,0,0,0.022222222,0.047619048,0,0.01893847,0.007401639,0.256613757,0,0,0.01910828,0.01354309,0,0,0,0.333578251
16,0,0,0,0,0,0,3041,2585,3.27,0,0,0,2813.00 ,0.00 ,0,0,60.89,0.065116279,0,0,0,0,0,0,0.020597957,0.019930455,0.256613757,0,0,0,0.020285789,0,0,0,0.346803821
16,0,4,0,0,0,0,1755,2019,6.16,0,0,0,1887.00 ,0.00 ,0,0,53.31,0.065116279,0,0.571428571,0,0,0,0,0.011887345,0.015566572,0.447751323,0,0,0,0.013607993,0,0,0,0.161156013
46,1,2,5,4,0,0,9058,6733,6.16,0,2,4,7895.50 ,122.00 ,1,1,73.18,0.204651163,1,0.285714286,0.714285714,0.088888889,0,0,0.061353599,0.051911705,0.447751323,0,1,0.025477707,0.056937949,0.033841886,1,1,0.647807984
11,0,0,0,0,0,0,2285,2258,6.16,0,0,0,2271.50 ,0.00 ,0,0,62.37,0.041860465,0,0,0,0,0,0,0.015477255,0.017409272,0.447751323,0,0,0,0.016380793,0,0,0,0.383051678
6,0,0,0,1,0,0,2447,1498,6.16,0,0,1,1972.50 ,0.00 ,0,0,62.23,0.018604651,0,0,0,0.022222222,0,0,0.016574548,0.011549641,0.447751323,0,0,0.006369427,0.014224572,0,0,0,0.379622826
10,0,0,0,0,0,0,2811,3123,5.25,0,0,0,2967.00 ,0.00 ,0,0,65.75,0.037209302,0,0,0,0,0,0,0.019040072,0.024078457,0.387566138,0,0,0,0.021396352,0,0,0,0.465833946
24,0,5,0,2,8,0,37105,21647,5.25,109,0,11,29376.00 ,130.00 ,1,1,65.89,0.102325581,0,0.714285714,0,0.044444444,0.19047619,0,0.251327589,0.166899253,0.387566138,0.056447437,0,0.070063694,0.211843353,0.036061026,1,1,0.469262797
19,0,6,0,0,0,0,3873,3578,4.52,11,0,0,3725.50 ,13.00 ,0,1,60.58,0.079069767,0,0.857142857,0,0,0,0,0.026233439,0.027586526,0.339285714,0.00569653,0,0,0.026866231,0.003606103,0,1,0.339211364
3,0,6,0,0,0,0,887,1202,4.52,0,0,0,1044.50 ,0.00 ,1,0,61.2,0.004651163,0,0.857142857,0,0,0,0,0.00600802,0.009267469,0.339285714,0,0,0,0.007532352,0,1,0,0.354396277
33,0,2,0,1,0,0,5597,6269,4.52,0,0,1,5933.00 ,47.67 ,0,1,72.36,0.144186047,0,0.285714286,0,0.022222222,0,0,0.037910808,0.048334246,0.339285714,0,0,0.006369427,0.042785492,0.013222376,0,1,0.627724712
22,0,4,0,1,1,0,5174,5716,4.52,0,0,3,5445.00 ,69.00 ,1,1,74.43,0.093023256,0,0.571428571,0,0.022222222,0.023809524,0,0.035045653,0.044070593,0.339285714,0,0,0.01910828,0.039266308,0.019140083,1,1,0.678422728
49,0,0,0,0,0,0,6612,5606,4.85,0,0,0,6109.00 ,74.00 ,0,1,70.75,0.218604651,0,0,0,0,0,0,0.044785825,0.043222489,0.361111111,0,0,0,0.044054706,0.020527046,0,1,0.588292922
5,0,0,0,0,0,0,5538,4738,4.85,0,0,0,5138.00 ,0.00 ,0,0,54.72,0.013953488,0,0,0,0,0,0,0.037511176,0.036530173,0.361111111,0,0,0,0.037052395,0,0,0,0.195689444
10,0,0,1,0,0,0,1350,1225,4.85,0,0,0,1287.50 ,48.67 ,0,1,70.37,0.037209302,0,0,0.142857143,0,0,0,0.009144111,0.0094448,0.361111111,0,0,0,0.009284733,0.013499769,0,1,0.57898604
13,1,4,2,1,0,0,3894,3453,4.62,174,2,1,3673.50 ,111.33 ,1,1,64.33,0.051162791,1,0.571428571,0.285714286,0.022222222,0,0,0.026375681,0.026622771,0.345899471,0.090108752,1,0.006369427,0.026491236,0.030883033,1,1,0.431055596
13,0,0,0,5,0,0,5245,4093,6.92,0,0,10,4669.00 ,212.00 ,0,1,50.53,0.051162791,0,0,0,0.111111111,0,0,0.035526565,0.031557197,0.498015873,0,0,0.063694268,0.033670228,0.058807212,0,1,0.093068822
31,1,6,4,19,3,0,1057,382,6.92,549,1,22,719.50 ,367.00 ,1,1,80.86,0.134883721,1,0.857142857,0.571428571,0.422222222,0.071428571,0,0.0071595,0.002945236,0.498015873,0.284308648,0.5,0.140127389,0.005188633,0.101803051,1,1,0.835904972
50,1,4,2,0,0,0,5894,9751,6.92,0,1,0,7822.50 ,0.00 ,1,0,69.72,0.223255814,1,0.571428571,0.285714286,0,0,0,0.039922512,0.075180608,0.498015873,0,0.5,0,0.056411514,0,1,0,0.563066373
4,0,0,0,0,0,0,2213,1698,6.92,0,0,0,1955.50 ,0.00 ,0,0,60.36,0.009302326,0,0,0,0,0,0,0.014989569,0.013091649,0.498015873,0,0,0,0.014101977,0,0,0,0.333823169
28,1,2,2,2,0,0,5747,4798,6.92,0,2,2,5272.50 ,36.67 ,1,1,54.87,0.120930233,1,0.285714286,0.285714286,0.044444444,0,0,0.03892682,0.036992776,0.498015873,0,1,0.012738854,0.038022334,0.010171059,1,1,0.199363213
12,1,4,2,1,2,0,5306,4080,6.92,64,2,3,4693.00 ,53.67 ,0,1,57.04,0.046511628,1,0.571428571,0.285714286,0.022222222,0.047619048,0,0.035939744,0.031456966,0.498015873,0.033143449,1,0.01910828,0.033843303,0.014886731,0,1,0.252510409
11,0,0,0,0,0,0,4799,5028,7.67,0,0,0,4913.50 ,0.00 ,0,0,60.84,0.041860465,0,0,0,0,0,0,0.032505622,0.038766085,0.547619048,0,0,0,0.035433426,0,0,0,0.345579231
9,0,0,0,0,0,0,6666,2058,6.22,0,0,0,4362.00 ,0.00 ,0,0,50.4,0.03255814,0,0,0,0,0,0,0.045151589,0.015867264,0.451719577,0,0,0,0.031456315,0,0,0,0.089884889
9,0,0,0,1,0,0,6941,6388,5.03,0,0,1,6664.50 ,0.00 ,0,0,64.86,0.03255814,0,0,0,0.022222222,0,0,0.047014278,0.049251741,0.373015873,0,0,0.006369427,0.048060663,0,0,0,0.444036248
4,0,0,0,0,2,0,337,894,6.92,0,0,3,615.50 ,95.00 ,0,1,59.92,0.009302326,0,0,0,0,0.047619048,0,0.002282641,0.006892776,0.498015873,0,0,0.01910828,0.004438643,0.026352288,0,1,0.323046779
17,0,5,1,3,18,0,3327,3720,6.92,208,1,27,3523.50 ,373.00 ,1,1,64.1,0.069767442,0,0.714285714,0.142857143,0.066666667,0.428571429,0,0.022535154,0.028681352,0.498015873,0.107716209,0.5,0.171974522,0.02540952,0.103467406,1,1,0.425422483
207,1,3,3,9,38,0,60966,45667,7.67,0,2,47,53316.50 ,156.00 ,1,1,85.55,0.953488372,1,0.428571429,0.428571429,0.2,0.904761905,0,0.412948061,0.352094433,0.547619048,0,1,0.299363057,0.384488907,0.043273232,1,1,0.950771492
4,0,0,0,0,0,0,946,873,6.92,0,0,0,909.50 ,0.00 ,0,0,63.66,0.009302326,0,0,0,0,0,0,0.006407651,0.006730866,0.498015873,0,0,0,0.006558808,0,0,0,0.414646094
7,0,0,0,0,0,0,0,0,7.52,0,0,0,0.00 ,45.00 ,0,1,62.3,0.023255814,0,0,0,0,0,0,0,0,0.537698413,0,0,0,0,0.012482663,0,1,0.381337252
11,0,5,2,0,2,0,1724,1698,7.52,86,1,2,1711.00 ,68.67 ,1,1,70,0.041860465,0,0.714285714,0.285714286,0,0.047619048,0,0.011677369,0.013091649,0.537698413,0.04453651,0.5,0.012738854,0.012338779,0.019047619,1,1,0.569924075
4,0,0,0,0,1,0,88,74,6.92,0,0,1,81.00 ,0.00 ,0,0,52.71,0.009302326,0,0,0,0,0.023809524,0,0.000596061,0.000570543,0.498015873,0,0,0.006369427,0.000584127,0,0,0,0.146460936
174,1,3,4,13,16,0,109541,67047,7.52,0,1,35,88294.00 ,169.00 ,1,1,73.1,0.8,1,0.428571429,0.571428571,0.288888889,0.380952381,0,0.741966729,0.516935105,0.537698413,0,0.5,0.222929936,0.636727159,0.046879334,1,1,0.645848641
7,0,0,0,0,0,0,427,329,4.16,0,0,0,378.00 ,0.00 ,0,0,58.69,0.023255814,0,0,0,0,0,0,0.002892249,0.002536603,0.31547619,0,0,0,0.002725925,0,0,0,0.292921871
5,0,5,0,0,0,0,729,1088,6.92,62,0,0,908.50 ,20.67 ,0,1,63.69,0.013953488,0,0.714285714,0,0,0,0,0.00493782,0.008388524,0.498015873,0.032107716,0,0,0.006551596,0.005732779,0,1,0.415380847
14,0,0,0,0,2,0,1050,1722,6.92,0,0,3,1386.00 ,133.00 ,0,1,57.17,0.055813953,0,0,0,0,0.047619048,0,0.007112086,0.01327669,0.498015873,0,0,0.01910828,0.00999506,0.036893204,0,1,0.255694342
76,0,4,1,0,2,0,43107,20008,7.52,52,1,5,31557.50 ,56.00 ,1,1,64.27,0.344186047,0,0.571428571,0.142857143,0,0.047619048,0,0.29198163,0.154262496,0.537698413,0.026929052,0.5,0.031847134,0.227575116,0.015533981,1,1,0.429586089
6,0,0,0,0,0,0,900,959,7.52,0,0,0,929.50 ,0.00 ,0,0,52.95,0.018604651,0,0,0,0,0,0,0.006096074,0.007393929,0.537698413,0,0,0,0.006703036,0,0,0,0.152338966
10,0,0,0,1,0,0,6515,2768,7.52,0,0,1,4641.50 ,0.00 ,0,0,64.2,0.037209302,0,0,0,0.022222222,0,0,0.044128803,0.021341393,0.537698413,0,0,0.006369427,0.033471913,0,0,0,0.427871663
12,0,0,0,0,0,0,1113,3557,4.39,0,0,0,2335.00 ,0.00 ,0,0,52.47,0.046511628,0,0,0,0,0,0,0.007538812,0.027424615,0.330687831,0,0,0,0.01683872,0,0,0,0.140582905
5,0,0,0,0,0,0,1944,1960,4.3,0,0,0,1952.00 ,0.00 ,0,0,57.11,0.013953488,0,0,0,0,0,0,0.01316752,0.01511168,0.32473545,0,0,0,0.014076737,0,0,0,0.254224835
12,0,4,1,0,0,0,2716,3793,7.52,106,1,0,3254.50 ,35.33 ,1,1,65.99,0.046511628,0,0.571428571,0.142857143,0,0,0,0.018396597,0.029244185,0.537698413,0.054893837,0.5,0,0.023469642,0.009801202,1,1,0.471711976
27,1,1,4,6,6,0,4960,1181,8.83,0,2,12,3070.50 ,0.00 ,1,0,76.03,0.11627907,1,0.142857143,0.571428571,0.133333333,0.142857143,0,0.033596142,0.009105558,0.624338624,0,1,0.076433121,0.022142736,0,1,0,0.717609601
13,0,0,1,1,0,0,7552,6584,4.3,0,0,1,7068.00 ,0.00 ,0,0,63.34,0.051162791,0,0,0.142857143,0.022222222,0,0,0.051152835,0.050762909,0.32473545,0,0,0.006369427,0.05097048,0,0,0,0.406808719
6,0,3,0,0,0,0,744,1411,7.52,27,0,0,1077.50 ,17.33 ,0,1,58.88,0.018604651,0,0.428571429,0,0,0,0,0.005039421,0.010878868,0.537698413,0.013982393,0,0,0.00777033,0.004808137,0,1,0.297575312
13,0,5,2,2,0,0,3154,3016,7.52,0,0,2,3085.00 ,0.00 ,1,0,74.65,0.051162791,0,0.714285714,0.285714286,0.044444444,0,0,0.021363353,0.023253483,0.537698413,0,0,0.012738854,0.022247302,0,1,0,0.683810923
6,0,5,1,2,1,0,218,305,7.52,0,1,3,261.50 ,0.00 ,1,0,75.35,0.018604651,0,0.714285714,0.142857143,0.044444444,0.023809524,0,0.001476605,0.002351562,0.537698413,0,0.5,0.01910828,0.001885792,0,1,0,0.70095518
24,0,2,1,1,1,0,9,33,14.51,8,1,2,21.00 ,70.00 ,1,1,74.17,0.102325581,0,0.285714286,0.142857143,0.022222222,0.023809524,0,6.09607E-05,0.000254431,1,0.004142931,0.5,0.012738854,0.00015144,0.019417476,1,1,0.672054862
54,0,5,1,2,4,0,1,1,6.47,522,1,6,1.00 ,3605.00 ,1,1,69.14,0.241860465,0,0.714285714,0.142857143,0.044444444,0.095238095,0,6.77342E-06,7.71004E-06,0.468253968,0.270326256,0.5,0.038216561,7.21144E-06,1,1,1,0.548861132
4,0,0,0,1,1,0,1527,2390,14.51,0,1,8,1958.50 ,0.00 ,0,0,59.92,0.009302326,0,0,0,0.022222222,0.023809524,0,0.010343006,0.018426997,1,0,0.5,0.050955414,0.014123611,0,0,0,0.323046779
25,0,4,3,1,4,0,3727,1867,6.38,149,1,9,2797.00 ,241.00 ,1,1,82.28,0.106976744,0,0.571428571,0.428571429,0.022222222,0.095238095,0,0.02524452,0.014394646,0.462301587,0.077162092,0.5,0.057324841,0.020170406,0.066851595,1,1,0.870683321
20,0,2,4,3,1,0,7776,8140,14.51,4,0,4,7958.00 ,3.00 ,1,1,67.35,0.08372093,0,0.285714286,0.571428571,0.066666667,0.023809524,0,0.05267008,0.062759732,1,0.002071466,0,0.025477707,0.057388664,0.000832178,1,1,0.505020818
8,0,3,0,0,0,0,4161,4690,5.03,71,0,0,4425.50 ,101.33 ,0,1,65.91,0.027906977,0,0.428571429,0,0,0,0,0.028184183,0.036160091,0.373015873,0.036768514,0,0,0.031914242,0.028109108,0,1,0.469752633
7,0,0,0,0,0,0,1238,1047,5.03,0,0,0,1142.50 ,0.00 ,0,0,59.94,0.023255814,0,0,0,0,0,0,0.008385489,0.008072413,0.373015873,0,0,0,0.008239074,0,0,0,0.323536615
5,0,0,0,0,0,0,10856,11027,6.22,0,0,0,10941.50 ,0.00 ,0,0,50.44,0.013953488,0,0,0,0,0,0,0.073532201,0.08501862,0.451719577,0,0,0,0.078904005,0,0,0,0.09086456
5,0,0,0,1,0,0,5168,0,5.03,0,0,1,2584.00 ,0.00 ,0,0,73.05,0.013953488,0,0,0,0.022222222,0,0,0.035005012,0,0.373015873,0,0,0.006369427,0.018634369,0,0,0,0.644624051
6,0,3,0,1,0,0,1846,1835,5.03,0,0,1,1840.50 ,0.00 ,1,0,57.5,0.018604651,0,0.428571429,0,0.022222222,0,0,0.012503725,0.014147925,0.373015873,0,0,0.006369427,0.013272661,0,1,0,0.263776635
67,0,0,0,0,0,0,17752,15172,5.03,0,0,0,16462.00 ,0.00 ,0,0,63.65,0.302325581,0,0,0,0,0,0,0.120241675,0.116976739,0.373015873,0,0,0,0.118714777,0,0,0,0.414401176
24,0,0,0,0,0,0,6353,6126,5.03,0,0,0,6239.50 ,0.00 ,0,0,56.91,0.102325581,0,0,0,0,0,0,0.04303151,0.04723171,0.373015873,0,0,0,0.044995799,0,0,0,0.249326476
4,0,3,1,2,0,0,929,817,5.03,55,1,5,873.00 ,37.33 ,0,1,63.66,0.009302326,0,0.428571429,0.142857143,0.044444444,0,0,0.006292503,0.006299103,0.373015873,0.028482651,0.5,0.031847134,0.00629559,0.010355987,0,1,0.414646094
2,0,0,0,0,0,0,1718,2479,5.03,0,0,0,2098.50 ,0.00 ,0,0,51.95,0,0,0,0,0,0,0,0.011636728,0.019113191,0.373015873,0,0,0,0.015133213,0,0,0,0.127847171
8,0,3,0,0,0,0,4598,4069,5.03,0,0,0,4333.50 ,0.00 ,0,0,62.04,0.027906977,0,0.428571429,0,0,0,0,0.031144165,0.031372156,0.373015873,0,0,0,0.031250789,0,0,0,0.374969385
10,1,4,1,0,6,0,2159,2351,5.03,0,1,6,2255.00 ,23.33 ,1,1,54.66,0.037209302,1,0.571428571,0.142857143,0,0.142857143,0,0.014623804,0.018126306,0.373015873,0,0.5,0.038216561,0.016261804,0.006472492,1,1,0.194219936
22,0,2,3,4,0,0,9117,10299,4.39,0,0,4,9708.00 ,91.00 ,1,1,78.05,0.093023256,0,0.285714286,0.428571429,0.088888889,0,0,0.061753231,0.07940571,0.330687831,0,0,0.025477707,0.07000869,0.025242718,1,1,0.767083027
8,0,2,1,0,0,0,1092,1412,4.39,0,1,0,1252.00 ,23.67 ,1,1,62.76,0.027906977,0,0.285714286,0.142857143,0,0,0,0.00739657,0.010886578,0.330687831,0,0.5,0,0.009028727,0.006564956,1,1,0.392603478
3,0,0,0,1,0,0,17,68,4.39,0,0,1,42.50 ,0.00 ,0,0,52.67,0.004651163,0,0,0,0.022222222,0,0,0.000115148,0.000524283,0.330687831,0,0,0.006369427,0.000306486,0,0,0,0.145481264
6,0,0,0,0,0,0,3399,2205,4.39,0,0,0,2802.00 ,0.00 ,0,0,55.02,0.018604651,0,0,0,0,0,0,0.02302284,0.01700064,0.330687831,0,0,0,0.020206464,0,0,0,0.203036983
24,0,4,2,1,2,0,16501,12045,4.39,0,1,6,14273.00 ,0.00 ,1,0,60.39,0.102325581,0,0.571428571,0.285714286,0.022222222,0.047619048,0,0.111768132,0.092867441,0.330687831,0,0.5,0.038216561,0.102928928,0,1,0,0.334557923
13,0,4,1,3,0,0,839,623,4.39,1,1,3,731.00 ,64.67 ,1,1,68.21,0.051162791,0,0.571428571,0.142857143,0.066666667,0,0,0.005682896,0.004803355,0.330687831,0.000517866,0.5,0.01910828,0.005271565,0.017938049,1,1,0.526083762
11,0,0,0,3,0,0,4689,2808,4.39,0,0,3,3748.50 ,0.00 ,0,0,60.38,0.041860465,0,0,0,0.066666667,0,0,0.031760546,0.021649795,0.330687831,0,0,0.01910828,0.027032095,0,0,0,0.334313005
6,0,0,0,1,0,0,1809,1829,4.39,0,0,1,1819.00 ,0.00 ,0,0,59.12,0.018604651,0,0,0,0.022222222,0,0,0.012253109,0.014101665,0.330687831,0,0,0.006369427,0.013117615,0,0,0,0.303453343
26,0,0,0,0,0,0,3831,2022,4.39,0,0,0,2926.50 ,0.00 ,0,0,57.22,0.111627907,0,0,0,0,0,0,0.025948956,0.015589702,0.330687831,0,0,0,0.021104288,0,0,0,0.256918932
5,0,0,0,0,0,0,840,913,4.39,0,0,0,876.50 ,0.00 ,0,0,58.22,0.013953488,0,0,0,0,0,0,0.005689669,0.007039267,0.330687831,0,0,0,0.00632083,0,0,0,0.281410727
28,0,2,0,0,0,0,9927,6557,4.39,0,0,0,8242.00 ,0.00 ,1,0,68.89,0.120930233,0,0.285714286,0,0,0,0,0.067239698,0.050554737,0.330687831,0,0,0,0.059436714,0,1,0,0.542738183
10,0,0,1,2,0,0,1254,299,7.03,0,1,6,776.50 ,0.00 ,0,0,58.35,0.037209302,0,0,0.142857143,0.044444444,0,0,0.008493863,0.002305302,0.505291005,0,0.5,0.038216561,0.005599686,0,0,0,0.284594661
9,0,0,1,0,0,0,5231,2101,5.55,0,0,0,3666.00 ,1.00 ,0,1,52.13,0.03255814,0,0,0.142857143,0,0,0,0.035431738,0.016198796,0.407407407,0,0,0,0.02643715,0.000277393,0,1,0.132255694
7,0,0,0,0,0,0,1132,1434,5.55,0,0,0,1283.00 ,0.00 ,0,0,56.68,0.023255814,0,0,0,0,0,0,0.007667507,0.011056198,0.407407407,0,0,0,0.009252282,0,0,0,0.243693363
101,0,1,0,0,0,0,56345,21483,5.55,6,0,0,38914.00 ,2.00 ,0,1,61.86,0.460465116,0,0.142857143,0,0,0,0,0.381648108,0.165634806,0.407407407,0.003107198,0,0,0.280626097,0.000554785,0,1,0.370560862
10,0,0,0,4,1,0,4292,3308,6.55,0,0,5,3800.00 ,0.00 ,0,0,72.69,0.037209302,0,0,0,0.088888889,0.023809524,0,0.0290715,0.025504815,0.473544974,0,0,0.031847134,0.027403484,0,0,0,0.635807005
12,0,3,3,2,3,0,2852,2046,3.29,7,0,5,2449.00 ,21.00 ,0,1,62.99,0.046511628,0,0.428571429,0.428571429,0.044444444,0.071428571,0,0.019317782,0.015774743,0.257936508,0.003625065,0,0.031847134,0.017660824,0.005825243,0,1,0.398236591
27,0,4,0,3,0,0,1513,1300,5.24,11,0,3,1406.50 ,5.33 ,0,1,65.01,0.11627907,0,0.571428571,0,0.066666667,0,0,0.010248178,0.010023053,0.386904762,0.00569653,0,0.01910828,0.010142895,0.001479427,0,1,0.447710017
19,0,0,0,0,0,0,2593,2756,4.1,0,0,0,2674.50 ,0.00 ,0,0,62.08,0.079069767,0,0,0,0,0,0,0.017563467,0.021248872,0.311507937,0,0,0,0.019287005,0,0,0,0.375949057
5,0,0,0,0,0,0,5837,2481,4.41,0,0,0,4159.00 ,0.00 ,0,0,57.18,0.013953488,0,0,0,0,0,0,0.039536427,0.019128611,0.332010582,0,0,0,0.029992392,0,0,0,0.25593926
13,0,0,0,1,0,0,1324,1137,2.62,0,0,1,1230.50 ,0.00 ,0,0,63.75,0.051162791,0,0,0,0.022222222,0,0,0.008968002,0.008766316,0.213624339,0,0,0.006369427,0.008873681,0,0,0,0.416850355
9,0,0,4,0,0,0,5217,7241,2.62,60,0,0,6229.00 ,30.33 ,0,1,62.95,0.03255814,0,0,0.571428571,0,0,0,0.03533691,0.055828405,0.213624339,0.031071983,0,0,0.044920079,0.008414239,0,1,0.397256919
142,0,2,4,2,0,0,108692,85109,2.62,0,0,2,96900.50 ,145.33 ,1,1,75.86,0.651162791,0,0.285714286,0.571428571,0.044444444,0,0,0.736216099,0.656193861,0.213624339,0,0,0.012738854,0.698792444,0.040314378,1,1,0.713445996
7,0,0,0,0,0,0,3649,2594,4.41,0,0,0,3121.50 ,0.00 ,0,0,68.14,0.023255814,0,0,0,0,0,0,0.024716194,0.019999846,0.332010582,0,0,0,0.02251052,0,0,0,0.524369336
4,0,0,0,0,0,0,1237,855,2.62,0,0,0,1046.00 ,0.00 ,0,0,64.49,0.009302326,0,0,0,0,0,0,0.008378715,0.006592085,0.213624339,0,0,0,0.00754317,0,0,0,0.434974284
15,0,6,2,1,1,0,3357,3566,2.82,94,1,2,3461.50 ,62.33 ,0,1,68.99,0.060465116,0,0.857142857,0.285714286,0.022222222,0.023809524,0,0.022738356,0.027494005,0.226851852,0.048679441,0.5,0.012738854,0.02496241,0.0172908,0,1,0.545187362
6,0,0,0,0,0,0,1282,2401,4.11,0,0,0,1841.50 ,0.00 ,0,0,58.91,0.018604651,0,0,0,0,0,0,0.008683519,0.018511808,0.312169312,0,0,0,0.013279873,0,0,0,0.298310066
5,0,0,3,1,0,0,1553,3531,4.11,0,0,1,2542.00 ,0.00 ,0,0,52.6,0.013953488,0,0,0.428571429,0.022222222,0,0,0.010519115,0.027224154,0.312169312,0,0,0.006369427,0.018331488,0,0,0,0.143766838
12,0,0,1,0,0,0,8192,9288,4.11,0,0,0,8740.00 ,0.00 ,0,0,60.45,0.046511628,0,0,0.142857143,0,0,0,0.055487821,0.071610859,0.312169312,0,0,0,0.063028013,0,0,0,0.336027431
8,0,0,0,0,0,0,8257,6204,4.35,0,0,0,7230.50 ,0.00 ,0,0,61.57,0.027906977,0,0,0,0,0,0,0.055928093,0.047833093,0.328042328,0,0,0,0.052142339,0,0,0,0.363458241
8,0,0,0,0,0,0,2276,2333,5.83,0,0,0,2304.50 ,0.00 ,0,0,61.72,0.027906977,0,0,0,0,0,0,0.015416294,0.017987525,0.425925926,0,0,0,0.016618771,0,0,0,0.367132011
32,0,0,0,0,1,0,66599,0,4.35,0,0,1,33299.50 ,0.00 ,0,0,72.09,0.139534884,0,0,0,0,0.023809524,0,0.451102712,0,0.328042328,0,0,0.006369427,0.24013745,0,0,0,0.621111928
14,0,2,0,1,0,0,6190,4334,4.1,0,0,1,5262.00 ,31.00 ,0,1,58.73,0.055813953,0,0.285714286,0,0.022222222,0,0,0.041927443,0.033415317,0.311507937,0,0,0.006369427,0.037946614,0.008599168,0,1,0.293901543
3,0,2,0,2,0,0,349,325,4.1,0,0,2,337.00 ,0.00 ,0,0,70.43,0.004651163,0,0.285714286,0,0.044444444,0,0,0.002363922,0.002505763,0.311507937,0,0,0.012738854,0.002430256,0,0,0,0.580455547
6,0,0,0,0,0,0,1841,714,4.1,0,0,0,1277.50 ,0.00 ,0,0,58.53,0.018604651,0,0,0,0,0,0,0.012469858,0.005504969,0.311507937,0,0,0,0.009212619,0,0,0,0.289003184
11,0,0,0,0,0,0,1490,1485,4.1,0,0,0,1487.50 ,0.00 ,0,0,62.47,0.041860465,0,0,0,0,0,0,0.010092389,0.011449411,0.311507937,0,0,0,0.010727022,0,0,0,0.385500857
17,0,0,0,0,0,0,1977,2002,4.1,0,0,0,1989.50 ,0.00 ,0,0,57.96,0.069767442,0,0,0,0,0,0,0.013391043,0.015435502,0.311507937,0,0,0,0.014347166,0,0,0,0.275042861
9,0,0,1,0,0,0,3589,2565,4.1,0,0,0,3077.00 ,0.00 ,0,0,67.09,0.03255814,0,0,0.142857143,0,0,0,0.024309789,0.019776255,0.311507937,0,0,0,0.02218961,0,0,0,0.498652951
6,0,0,2,1,0,0,821,1152,4.1,37,1,1,986.50 ,45.33 ,0,1,61.35,0.018604651,0,0,0.285714286,0.022222222,0,0,0.005560974,0.008881967,0.311507937,0.019161056,0.5,0.006369427,0.007114089,0.012575127,0,1,0.358070047
10,0,0,0,0,0,0,3879,2827,4.1,0,0,0,3353.00 ,0.00 ,0,0,60.77,0.037209302,0,0,0,0,0,0,0.026274079,0.021796285,0.311507937,0,0,0,0.024179969,0,0,0,0.343864805
6,0,0,0,0,0,0,1942,1906,4.1,0,0,0,1924.00 ,0.00 ,0,0,58.17,0.018604651,0,0,0,0,0,0,0.013153973,0.014695338,0.311507937,0,0,0,0.013874817,0,0,0,0.280186138
11,0,0,1,0,0,0,8184,5759,2.22,0,0,0,6971.50 ,0.00 ,0,0,53.03,0.041860465,0,0,0.142857143,0,0,0,0.055433634,0.044402125,0.187169312,0,0,0,0.050274576,0,0,0,0.15429831
12,0,0,0,0,0,0,2367,1766,4.1,0,0,0,2066.50 ,0.00 ,1,0,66.98,0.046511628,0,0,0,0,0,0,0.016032675,0.013615932,0.311507937,0,0,0,0.014902447,0,1,0,0.495958854
13,0,0,0,0,0,0,1573,1123,4.1,0,0,0,1348.00 ,0.00 ,0,0,63.43,0.051162791,0,0,0,0,0,0,0.010654583,0.008658376,0.311507937,0,0,0,0.009721025,0,0,0,0.409012981
4,0,3,2,5,0,0,663,580,4.13,0,1,9,621.50 ,35.67 ,1,1,59.61,0.009302326,0,0.428571429,0.285714286,0.111111111,0,0,0.004490775,0.004471824,0.313492063,0,0.5,0.057324841,0.004481912,0.009893666,1,1,0.315454323
16,0,0,0,1,0,0,1544,1532,4.1,0,0,1,1538.00 ,0.00 ,0,0,67.78,0.065116279,0,0,0,0.022222222,0,0,0.010458154,0.011811782,0.311507937,0,0,0.006369427,0.0110912,0,0,0,0.51555229
7,0,0,0,0,0,0,1763,1693,4.13,0,0,0,1728.00 ,0.00 ,0,0,58.05,0.023255814,0,0,0,0,0,0,0.011941532,0.013053099,0.313492063,0,0,0,0.012461374,0,0,0,0.277247122
21,1,2,2,2,0,0,5265,3216,4.1,0,2,2,4240.50 ,13.00 ,1,1,67.98,0.088372093,1,0.285714286,0.285714286,0.044444444,0,0,0.035662034,0.024795491,0.311507937,0,1,0.012738854,0.030580125,0.003606103,1,1,0.520450649
17,0,4,3,1,0,0,7707,5365,4.1,0,0,1,6536.00 ,0.00 ,1,0,72.62,0.069767442,0,0.571428571,0.428571429,0.022222222,0,0,0.052202715,0.041364369,0.311507937,0,0,0.006369427,0.047133992,0,1,0,0.634092579
16,1,4,2,6,0,0,7085,5920,4.13,0,2,9,6502.50 ,2.00 ,0,1,58.96,0.065116279,1,0.571428571,0.285714286,0.133333333,0,0,0.04798965,0.045643441,0.313492063,0,1,0.057324841,0.046892409,0.000554785,0,1,0.299534656
32,0,0,4,2,0,0,7017,3289,4.13,0,1,2,5153.00 ,23.67 ,0,1,70.82,0.139534884,0,0,0.571428571,0.044444444,0,0,0.047529058,0.025358324,0.313492063,0,0.5,0.012738854,0.037160566,0.006564956,0,1,0.590007348
5,0,0,0,0,0,0,779,774,4.1,0,0,0,776.50 ,0.00 ,0,0,65.48,0.013953488,0,0,0,0,0,0,0.005276491,0.005967572,0.311507937,0,0,0,0.005599686,0,0,0,0.459221161
9,0,0,1,5,1,0,5631,4137,4.1,58,1,9,4884.00 ,26.67 ,0,1,65.45,0.03255814,0,0,0.142857143,0.111111111,0.023809524,0,0.038141104,0.031896439,0.311507937,0.030036251,0.5,0.057324841,0.035220688,0.007397134,0,1,0.458486407
5,0,0,0,0,0,0,734,633,4.1,0,0,0,683.50 ,0.33 ,0,1,67.48,0.013953488,0,0,0,0,0,0,0.004971687,0.004880456,0.311507937,0,0,0,0.004929021,9.24642E-05,0,1,0.508204751
22,0,0,1,0,0,0,3360,3719,4.13,0,0,0,3539.50 ,0.00 ,0,0,66.21,0.093023256,0,0,0.142857143,0,0,0,0.022758677,0.028673642,0.313492063,0,0,0,0.025524903,0,0,0,0.477100171
5,0,0,0,0,0,0,520,0,4.13,0,0,0,260.00 ,14.67 ,0,1,66.09,0.013953488,0,0,0,0,0,0,0.003522176,0,0.313492063,0,0,0,0.001874975,0.004068423,0,1,0.474161156
8,1,0,1,2,0,0,1913,2210,5.83,80,1,2,2061.50 ,31.33 ,0,1,72.89,0.027906977,1,0,0.142857143,0.044444444,0,0,0.012957544,0.01703919,0.425925926,0.041429311,0.5,0.012738854,0.01486639,0.008691632,0,1,0.640705364
6,0,0,0,1,0,0,944,747,4.13,0,0,1,845.50 ,0.00 ,0,0,65.89,0.018604651,0,0,0,0.022222222,0,0,0.006394104,0.0057594,0.313492063,0,0,0.006369427,0.006097275,0,0,0,0.469262797
29,1,0,4,2,0,0,4148,5563,4.13,53,2,2,4855.50 ,39.00 ,0,1,63.18,0.125581395,1,0,0.571428571,0.044444444,0,0,0.028096128,0.042890957,0.313492063,0.027446919,1,0.012738854,0.035015162,0.010818308,0,1,0.402890032
8,0,0,0,0,0,0,1271,1074,4.13,0,0,0,1172.50 ,0.00 ,0,0,63.41,0.027906977,0,0,0,0,0,0,0.008609011,0.008280584,0.313492063,0,0,0,0.008455417,0,0,0,0.408523145
16,0,1,0,0,0,0,5102,6693,4.13,0,0,0,5897.50 ,75.67 ,0,1,70.06,0.065116279,0,0.142857143,0,0,0,0,0.034557967,0.051603303,0.313492063,0,0,0,0.042529486,0.020989367,0,1,0.571393583
11,0,0,0,0,0,0,1683,1416,4.13,0,0,0,1549.50 ,0.00 ,0,0,68.22,0.041860465,0,0,0,0,0,0,0.011399659,0.010917418,0.313492063,0,0,0,0.011174131,0,0,0,0.52632868
30,0,1,1,1,0,0,10770,4748,4.13,0,1,1,7759.00 ,0.00 ,0,0,64.1,0.130232558,0,0.142857143,0.142857143,0.022222222,0,0,0.072949687,0.036607274,0.313492063,0,0.5,0.006369427,0.055953587,0,0,0,0.425422483
15,0,0,3,9,2,0,3712,3120,4.13,0,1,11,3416.00 ,0.00 ,0,0,73.09,0.060465116,0,0,0.428571429,0.2,0.047619048,0,0.025142919,0.024055327,0.313492063,0,0.5,0.070063694,0.02463429,0,0,0,0.645603723
8,0,0,0,0,0,0,1257,1259,4.13,0,0,0,1258.00 ,0.00 ,0,0,67.01,0.027906977,0,0,0,0,0,0,0.008514184,0.009706941,0.313492063,0,0,0,0.009071995,0,0,0,0.496693608
28,0,0,4,2,0,0,5842,4674,4.13,0,1,2,5258.00 ,0.00 ,0,0,66.7,0.120930233,0,0,0.571428571,0.044444444,0,0,0.039570295,0.036036731,0.313492063,0,0.5,0.012738854,0.037917768,0,0,0,0.489101151
99,1,7,4,1,0,0,61729,85408,4.13,15,1,1,73568.50 ,14.33 ,0,1,75.38,0.451162791,1,1,0.571428571,0.022222222,0,0,0.418116178,0.658499163,0.313492063,0.007767996,0.5,0.006369427,0.530535053,0.003975959,0,1,0.701689934
6,0,1,0,1,0,0,2079,1312,4.13,0,0,1,1695.50 ,1.67 ,0,1,65.55,0.018604651,0,0.142857143,0,0.022222222,0,0,0.014081931,0.010115574,0.313492063,0,0,0.006369427,0.012227002,0.000462321,0,1,0.460935587
34,0,1,0,1,0,0,4354,3707,4.13,0,0,1,4030.50 ,0.00 ,1,0,73.02,0.148837209,0,0.142857143,0,0.022222222,0,0,0.029491452,0.028581121,0.313492063,0,0,0.006369427,0.029065721,0,1,0,0.643889297
11,0,3,1,7,0,0,3305,2544,4.13,41,1,7,2924.50 ,75.33 ,0,1,76.52,0.041860465,0,0.428571429,0.142857143,0.155555556,0,0,0.022386139,0.019614344,0.313492063,0.021232522,0.5,0.044585987,0.021089865,0.020896902,0,1,0.72961058
9,0,0,0,0,0,0,563,760,5.58,0,0,0,661.50 ,0.00 ,0,0,63.05,0.03255814,0,0,0,0,0,0,0.003813433,0.005859631,0.409391534,0,0,0,0.00477037,0,0,0,0.399706098
16,0,1,0,0,0,0,2399,1920,5.58,104,0,0,2159.50 ,65.00 ,0,1,59.96,0.065116279,0,0.142857143,0,0,0,0,0.016249424,0.014803278,0.409391534,0.053858105,0,0,0.015573111,0.018030513,0,1,0.324026451
17,0,2,4,7,2,0,5193,3122,1.52,16,1,9,4157.50 ,51.00 ,1,1,70.33,0.069767442,0,0.285714286,0.571428571,0.155555556,0.047619048,0,0.035174348,0.024070747,0.140873016,0.008285862,0.5,0.057324841,0.029981575,0.014147018,1,1,0.578006368
10,1,0,4,3,3,0,57394,31303,1.52,241,1,6,44348.50 ,209.00 ,0,1,65.81,0.037209302,1,0,0.571428571,0.066666667,0.071428571,0,0.388753421,0.241347407,0.140873016,0.1248058,0.5,0.038216561,0.319816685,0.057975035,0,1,0.467303453
9,0,0,0,0,0,0,6284,3889,3.95,0,0,0,5086.50 ,0.00 ,0,0,65.25,0.03255814,0,0,0,0,0,0,0.042564144,0.029984349,0.301587302,0,0,0,0.036681005,0,0,0,0.453588048
6,0,2,1,1,0,0,1038,145,11.48,0,1,1,591.50 ,0.00 ,0,0,57.55,0.018604651,0,0.285714286,0.142857143,0.022222222,0,0,0.007030805,0.001117956,0.799603175,0,0.5,0.006369427,0.004265569,0,0,0,0.265001225
9,1,3,3,2,0,0,2503,1745,11.48,155,2,2,2124.00 ,159.33 ,1,1,69.99,0.03255814,1,0.428571429,0.428571429,0.044444444,0,0,0.016953859,0.013454021,0.799603175,0.080269291,1,0.012738854,0.015317105,0.044197873,1,1,0.569679157
6,0,4,1,2,0,0,1579,1446,11.48,0,1,2,1512.50 ,0.00 ,1,0,64.74,0.018604651,0,0.571428571,0.142857143,0.044444444,0,0,0.010695223,0.011148719,0.799603175,0,0.5,0.012738854,0.010907308,0,1,0,0.441097232
5,0,0,0,2,0,0,3644,4202,1.52,0,0,2,3923.00 ,0.00 ,0,0,62.07,0.013953488,0,0,0,0.044444444,0,0,0.024682327,0.032397591,0.140873016,0,0,0.012738854,0.028290491,0,0,0,0.375704139
24,0,0,0,1,0,0,7820,7949,5.58,72,0,1,7884.50 ,24.00 ,0,1,67.29,0.102325581,0,0,0,0.022222222,0,0,0.052968111,0.061287114,0.409391534,0.03728638,0,0.006369427,0.056858623,0.00665742,0,1,0.50355131
3,0,5,0,1,0,0,1417,885,11.48,95,0,1,1151.00 ,135.67 ,1,1,60.85,0.004651163,0,0.714285714,0,0.022222222,0,0,0.00959793,0.006823386,0.799603175,0.049197307,0,0.006369427,0.008300371,0.037632917,1,1,0.345824149
11,0,0,0,0,0,0,613,1290,5.58,0,0,0,951.50 ,0.00 ,0,0,62.25,0.041860465,0,0,0,0,0,0,0.004152104,0.009945953,0.409391534,0,0,0,0.006861688,0,0,0,0.380112662
20,0,0,0,0,0,0,4009,2426,5.58,0,0,0,3217.50 ,0.00 ,0,0,65.19,0.08372093,0,0,0,0,0,0,0.027154624,0.018704559,0.409391534,0,0,0,0.023202818,0,0,0,0.45211854
9,0,6,0,0,0,0,1410,1466,2.71,102,0,0,1438.00 ,115.33 ,0,1,64.58,0.03255814,0,0.857142857,0,0,0,0,0.009550516,0.01130292,0.21957672,0.052822372,0,0,0.010370055,0.031992603,0,1,0.437178545
10,0,6,4,0,0,0,1580,3565,11.48,98,0,0,2572.50 ,173.33 ,1,1,67.03,0.037209302,0,0.857142857,0.571428571,0,0,0,0.010701997,0.027486295,0.799603175,0.050750906,0,0,0.018551437,0.048081368,1,1,0.497183444
12,0,2,1,2,1,0,2999,984,5.58,0,1,3,1991.50 ,140.00 ,1,1,75.15,0.046511628,0,0.285714286,0.142857143,0.044444444,0.023809524,0,0.020313474,0.00758668,0.409391534,0,0.5,0.01910828,0.014361589,0.038834951,1,1,0.696056821
6,0,0,1,1,1,0,5157,1032,8.46,0,1,2,3094.50 ,0.00 ,1,0,57.86,0.018604651,0,0,0.142857143,0.022222222,0.023809524,0,0.034930505,0.007956762,0.599867725,0,0.5,0.012738854,0.022315811,0,1,0,0.272593681
20,0,3,1,2,0,0,5375,6000,8.46,23,1,2,5687.50 ,201.67 ,1,1,63.73,0.08372093,0,0.428571429,0.142857143,0.044444444,0,0,0.036407109,0.046260245,0.599867725,0.011910927,0.5,0.012738854,0.041015083,0.055940823,1,1,0.416360519
45,0,0,0,0,0,0,5308,5607,2.71,0,0,0,5457.50 ,0.00 ,0,0,62.37,0.2,0,0,0,0,0,0,0.035953291,0.043230199,0.21957672,0,0,0,0.039356451,0,0,0,0.383051678
7,0,3,0,4,0,0,726,635,4.33,0,0,5,680.50 ,0.00 ,0,0,63.44,0.023255814,0,0.428571429,0,0.088888889,0,0,0.0049175,0.004895876,0.326719577,0,0,0.031847134,0.004907387,0,0,0,0.409257899
10,0,0,0,0,0,0,2223,2158,5.24,0,0,0,2190.50 ,0.00 ,0,0,64.34,0.037209302,0,0,0,0,0,0,0.015057303,0.016638268,0.386904762,0,0,0,0.015796666,0,0,0,0.431300514
26,0,0,0,0,0,0,11587,9879,2.71,4,0,0,10733.00 ,3.00 ,0,1,54.41,0.111627907,0,0,0,0,0,0,0.078483568,0.076167493,0.21957672,0.002071466,0,0,0.077400419,0.000832178,0,1,0.188096988
30,0,3,1,7,1,0,3073,1764,6.96,29,1,8,2418.50 ,9.67 ,1,1,77.16,0.130232558,0,0.428571429,0.142857143,0.155555556,0.023809524,0,0.020814706,0.013600512,0.500661376,0.015018125,0.5,0.050955414,0.017440875,0.002681461,1,1,0.745285329
23,0,2,0,1,0,0,4190,4128,6.96,0,0,1,4159.00 ,370.33 ,1,1,79.64,0.097674419,0,0.285714286,0,0.022222222,0,0,0.028380612,0.031827048,0.500661376,0,0,0.006369427,0.029992392,0.102727693,1,1,0.806024982
5,1,1,6,5,0,0,1063,412,6.96,351,2,7,737.50 ,179.00 ,1,1,64.49,0.013953488,1,0.142857143,0.857142857,0.111111111,0,0,0.007200141,0.003176537,0.500661376,0.181771103,1,0.044585987,0.005318439,0.049653259,1,1,0.434974284
5,0,0,0,0,0,0,507,824,6.96,0,0,0,665.50 ,0.00 ,0,0,65.44,0.013953488,0,0,0,0,0,0,0.003434122,0.006353074,0.500661376,0,0,0,0.004799215,0,0,0,0.458241489
9,0,5,2,1,1,0,513,460,6.96,153,1,2,486.50 ,196.33 ,1,1,74.62,0.03255814,0,0.714285714,0.285714286,0.022222222,0.023809524,0,0.003474762,0.003546619,0.500661376,0.079233558,0.5,0.012738854,0.003508367,0.054461396,1,1,0.683076169
19,1,4,3,1,0,0,1347,1113,6.96,0,2,1,1230.00 ,4.33 ,1,1,63.62,0.079069767,1,0.571428571,0.428571429,0.022222222,0,0,0.009123791,0.008581275,0.500661376,0,1,0.006369427,0.008870075,0.001202034,1,1,0.413666422
26,1,1,2,8,0,0,27323,0,6.96,0,1,8,13661.50 ,49.67 ,1,1,77.73,0.111627907,1,0.142857143,0.285714286,0.177777778,0,0,0.185070037,0,0.500661376,0,0.5,0.050955414,0.09851913,0.013777161,1,1,0.759245653
7,0,2,0,1,0,0,6321,3500,6.38,120,0,1,4910.50 ,77.33 ,0,1,55.43,0.023255814,0,0.285714286,0,0.022222222,0,0,0.042814761,0.026985143,0.462301587,0.062143967,0,0.006369427,0.035411791,0.021451687,0,1,0.213078619
19,0,0,0,0,0,0,4669,6534,6.38,0,0,0,5601.50 ,0.00 ,0,0,64.21,0.079069767,0,0,0,0,0,0,0.031625078,0.050377406,0.462301587,0,0,0,0.040394899,0,0,0,0.428116581
7,0,0,0,0,0,0,842,586,2.79,0,0,0,714.00 ,0.00 ,0,0,57.36,0.023255814,0,0,0,0,0,0,0.005703216,0.004518084,0.224867725,0,0,0,0.00514897,0,0,0,0.260347783
5,0,0,0,0,0,0,1042,1312,6.38,0,0,0,1177.00 ,0.00 ,0,0,62.48,0.013953488,0,0,0,0,0,0,0.007057899,0.010115574,0.462301587,0,0,0,0.008487869,0,0,0,0.385745775
14,0,5,1,1,0,0,3134,1804,6.38,7,1,1,2469.00 ,97.67 ,1,1,69.36,0.055813953,0,0.714285714,0.142857143,0.022222222,0,0,0.021227885,0.013908914,0.462301587,0.003625065,0.5,0.006369427,0.017805053,0.027092002,1,1,0.554249326
29,1,4,2,15,0,0,15903,5010,6.96,428,2,18,10456.50 ,900.67 ,1,1,68.99,0.125581395,1,0.571428571,0.285714286,0.333333333,0,0,0.10771763,0.038627304,0.500661376,0.221646815,1,0.114649682,0.075406455,0.249838188,1,1,0.545187362
12,0,3,0,2,0,0,3124,3195,6.38,11,0,2,3159.50 ,104.00 ,1,1,64.72,0.046511628,0,0.428571429,0,0.044444444,0,0,0.021160151,0.02463358,0.462301587,0.00569653,0,0.012738854,0.022784555,0.028848821,1,1,0.440607397
20,0,2,0,0,0,0,5393,4545,6.38,0,0,0,4969.00 ,48.67 ,1,1,68.58,0.08372093,0,0.285714286,0,0,0,0,0.036529031,0.035042135,0.462301587,0,0,0,0.035833661,0.013499769,1,1,0.535145726
60,1,2,4,0,0,0,18863,15869,6.38,0,2,0,17366.00 ,73.33 ,0,1,68.67,0.269767442,1,0.285714286,0.571428571,0,0,0,0.12776694,0.122350637,0.462301587,0,1,0,0.125233921,0.020342117,0,1,0.537349988
15,0,3,1,1,0,0,7509,4160,2.31,71,1,1,5834.50 ,134.67 ,1,1,72.97,0.060465116,0,0.428571429,0.142857143,0.022222222,0,0,0.050861578,0.03207377,0.193121693,0.036768514,0.5,0.006369427,0.042075165,0.037355525,1,1,0.642664707
7,0,0,1,0,0,0,1061,676,1.19,54,1,0,868.50 ,41.33 ,0,1,56.19,0.023255814,0,0,0.142857143,0,0,0,0.007186594,0.005211988,0.119047619,0.027964785,0.5,0,0.006263138,0.011465557,0,1,0.231692383
5,0,0,0,3,0,0,1480,4973,3.49,19,0,10,3226.50 ,6.33 ,0,1,54.27,0.013953488,0,0,0,0.066666667,0,0,0.010024655,0.038342033,0.271164021,0.009839461,0,0.063694268,0.023267721,0.001756819,0,1,0.184668136
5,0,2,1,5,3,0,1257,1010,1.19,59,1,8,1133.50 ,49.67 ,1,1,61.95,0.013953488,0,0.285714286,0.142857143,0.111111111,0.071428571,0,0.008514184,0.007787141,0.119047619,0.030554117,0.5,0.050955414,0.008174171,0.013777161,1,1,0.372765124
5,0,0,0,0,0,0,1092,153,4.68,0,0,0,622.50 ,0.00 ,0,0,61.89,0.013953488,0,0,0,0,0,0,0.00739657,0.001179636,0.349867725,0,0,0,0.004489123,0,0,0,0.371295616
15,0,3,4,0,1,0,11042,9159,1.19,45,1,1,10100.50 ,93.33 ,1,1,69.69,0.060465116,0,0.428571429,0.571428571,0,0.023809524,0,0.074792056,0.070616264,0.119047619,0.023303988,0.5,0.006369427,0.072839181,0.025889968,1,1,0.562331619
17,0,4,1,16,1,0,105,361,4.68,420,1,19,233.00 ,293.33 ,1,1,72.1,0.069767442,0,0.571428571,0.142857143,0.355555556,0.023809524,0,0.000711209,0.002783325,0.349867725,0.217503884,0.5,0.121019108,0.001680266,0.08136847,1,1,0.621356845
2,0,0,5,24,5,0,676,220,5.24,0,0,34,448.00 ,0.00 ,0,0,68.44,0,0,0,0.714285714,0.533333333,0.119047619,0,0.004578829,0.001696209,0.386904762,0,0,0.21656051,0.003230727,0,0,0,0.531716875
13,0,0,0,0,0,0,3484,2952,3.75,0,0,0,3218.00 ,0.00 ,0,0,64.46,0.051162791,0,0,0,0,0,0,0.02359858,0.02276004,0.288359788,0,0,0,0.023206424,0,0,0,0.43423953
36,1,5,4,7,0,0,612,182,1.19,416,2,8,397.00 ,394.00 ,1,1,87.56,0.158139535,1,0.714285714,0.571428571,0.155555556,0,0,0.00414533,0.001403227,0.119047619,0.215432418,1,0.050955414,0.002862943,0.109292649,1,1,1
19,0,2,0,2,0,0,3959,5385,1.6,62,0,5,4672.00 ,34.67 ,0,1,63.44,0.079069767,0,0.285714286,0,0.044444444,0,0,0.026815953,0.04151857,0.146164021,0.032107716,0,0.031847134,0.033691862,0.009616274,0,1,0.409257899
8,0,1,0,0,0,0,3991,2128,4.68,0,0,0,3059.50 ,0.00 ,0,0,58.08,0.027906977,0,0.142857143,0,0,0,0,0.027032702,0.016406967,0.349867725,0,0,0,0.02206341,0,0,0,0.277981876
7,0,0,0,1,0,0,2328,1303,4.68,0,0,1,1815.50 ,0.00 ,0,0,65.03,0.023255814,0,0,0,0.022222222,0,0,0.015768512,0.010046183,0.349867725,0,0,0.006369427,0.013092375,0,0,0,0.448199853
12,0,0,1,0,0,0,2096,1019,1.19,0,1,0,1557.50 ,0.00 ,0,0,51.83,0.046511628,0,0,0.142857143,0,0,0,0.014197079,0.007856532,0.119047619,0,0.5,0,0.011231823,0,0,0,0.124908156
16,1,2,3,4,1,0,4947,4418,1.19,0,2,9,4682.50 ,0.00 ,0,0,63.04,0.065116279,1,0.285714286,0.428571429,0.088888889,0.023809524,0,0.033508087,0.03406296,0.119047619,0,1,0.057324841,0.033767582,0,0,0,0.399461181
9,0,2,0,1,0,0,755,748,3.75,0,0,1,751.50 ,0.00 ,0,0,54.32,0.03255814,0,0.285714286,0,0.022222222,0,0,0.005113929,0.005767111,0.288359788,0,0,0.006369427,0.0054194,0,0,0,0.185892726
27,1,4,4,10,2,0,9901,11461,3.62,0,2,13,10681.00 ,111.33 ,1,1,65.37,0.11627907,1,0.571428571,0.571428571,0.222222222,0.047619048,0,0.067063589,0.088364777,0.279761905,0,1,0.082802548,0.077025424,0.030883033,1,1,0.456527063
41,0,0,1,5,0,0,7075,7765,3.62,3,1,6,7420.00 ,1.33 ,0,1,69,0.181395349,0,0,0.142857143,0.111111111,0,0,0.047921916,0.059868467,0.279761905,0.001553599,0.5,0.038216561,0.053508908,0.000369857,0,1,0.54543228
25,0,0,1,0,0,0,3547,0,3.75,0,1,0,1773.50 ,0.00 ,0,0,52.81,0.106976744,0,0,0.142857143,0,0,0,0.024025305,0,0.288359788,0,0.5,0,0.012789494,0,0,0,0.148910115
15,0,0,1,0,0,0,4371,4693,3.75,0,1,0,4532.00 ,0.00 ,0,0,69.62,0.060465116,0,0,0.142857143,0,0,0,0.0296066,0.036183221,0.288359788,0,0.5,0,0.03268226,0,0,0,0.560617193
10,0,3,0,0,0,0,1284,763,3.62,0,0,0,1023.50 ,0.00 ,1,0,66.37,0.037209302,0,0.428571429,0,0,0,0,0.008697066,0.005882761,0.279761905,0,0,0,0.007380912,0,1,0,0.481018859
12,0,4,2,5,0,0,839,1529,3.75,0,1,5,1184.00 ,25.00 ,1,1,68.72,0.046511628,0,0.571428571,0.285714286,0.111111111,0,0,0.005682896,0.011788652,0.288359788,0,0.5,0.031847134,0.008538349,0.006934813,1,1,0.538574578
7,1,0,2,2,4,0,1852,573,3.62,0,2,7,1212.50 ,0.00 ,0,0,65.36,0.023255814,1,0,0.285714286,0.044444444,0.095238095,0,0.012544366,0.004417853,0.279761905,0,1,0.044585987,0.008743875,0,0,0,0.456282145
4,0,5,0,4,0,0,1164,1406,3.62,0,0,8,1285.00 ,6.67 ,0,1,71.23,0.009302326,0,0.714285714,0,0.088888889,0,0,0.007884256,0.010840317,0.279761905,0,0,0.050955414,0.009266704,0.001849283,0,1,0.600048984
15,1,3,2,13,0,0,4552,5257,3.62,285,1,13,4904.50 ,214.33 ,1,1,78.4,0.060465116,1,0.428571429,0.285714286,0.288888889,0,0,0.030832588,0.040531684,0.279761905,0.147591921,0.5,0.082802548,0.035368523,0.059454461,1,1,0.775655156
5,0,7,1,0,0,0,427,336,3.75,0,0,0,381.50 ,0.00 ,0,0,65.36,0.013953488,0,1,0.142857143,0,0,0,0.002892249,0.002590574,0.288359788,0,0,0,0.002751166,0,0,0,0.456282145
8,0,2,1,4,3,0,509,1283,1.6,0,1,13,896.00 ,24.00 ,1,1,66.96,0.027906977,0,0.285714286,0.142857143,0.088888889,0.071428571,0,0.003447669,0.009891982,0.146164021,0,0.5,0.082802548,0.006461453,0.00665742,1,1,0.495469018
6,0,4,0,2,0,0,2894,2120,5.24,0,0,2,2507.00 ,0.00 ,0,0,68.93,0.018604651,0,0.571428571,0,0.044444444,0,0,0.019602265,0.016345286,0.386904762,0,0,0.012738854,0.018079088,0,0,0,0.543717855
5,0,0,0,0,0,0,397,518,5.42,0,0,0,457.50 ,0.00 ,0,0,58.21,0.013953488,0,0,0,0,0,0,0.002689046,0.003993801,0.398809524,0,0,0,0.003299235,0,0,0,0.281165809
6,0,0,0,0,0,0,1185,1107,5.24,0,0,0,1146.00 ,0.00 ,0,0,63.12,0.018604651,0,0,0,0,0,0,0.008026498,0.008535015,0.386904762,0,0,0,0.008264314,0,0,0,0.401420524
7,0,2,2,2,0,0,18631,6172,5.42,556,1,2,12401.50 ,196.00 ,1,1,70.56,0.023255814,0,0.285714286,0.285714286,0.044444444,0,0,0.126195508,0.047586372,0.398809524,0.287933713,0.5,0.012738854,0.089432712,0.054368932,1,1,0.583639481
10,0,3,1,3,2,0,1797,2855,5.24,215,1,5,2326.00 ,153.67 ,1,1,75.86,0.037209302,0,0.428571429,0.142857143,0.066666667,0.047619048,0,0.012171828,0.022012166,0.386904762,0.111341274,0.5,0.031847134,0.016773817,0.042625982,1,1,0.713445996
7,0,5,2,7,0,0,3946,1567,5.24,253,1,7,2756.50 ,273.67 ,1,1,73.16,0.023255814,0,0.714285714,0.285714286,0.155555556,0,0,0.026727898,0.012081634,0.386904762,0.131020197,0.5,0.044585987,0.019878343,0.075913084,1,1,0.647318148
14,1,0,3,1,0,0,4039,1804,5.42,0,1,1,2921.50 ,105.67 ,1,1,76.57,0.055813953,1,0,0.428571429,0.022222222,0,0,0.027357826,0.013908914,0.398809524,0,0.5,0.006369427,0.021068231,0.029311142,1,1,0.73083517
14,0,0,0,0,0,0,3595,2537,5.24,0,0,0,3066.00 ,10.33 ,0,1,57.22,0.055813953,0,0,0,0,0,0,0.024350429,0.019560373,0.386904762,0,0,0,0.022110285,0.002866389,0,1,0.256918932
10,0,0,2,0,0,0,1493,1583,5.42,0,0,0,1538.00 ,0.00 ,0,0,61.48,0.037209302,0,0,0.285714286,0,0,0,0.01011271,0.012204995,0.398809524,0,0,0,0.0110912,0,0,0,0.36125398
10,0,3,0,4,0,0,4558,3075,5.42,0,0,5,3816.50 ,15.33 ,0,1,57.67,0.037209302,0,0.428571429,0,0.088888889,0,0,0.030873229,0.023708375,0.398809524,0,0,0.031847134,0.027522473,0.004253352,0,1,0.26794024
6,0,0,0,0,0,0,959,758,5.42,0,0,0,858.50 ,0.00 ,0,0,60.48,0.018604651,0,0,0,0,0,0,0.006495706,0.005844211,0.398809524,0,0,0,0.006191024,0,0,0,0.336762185
11,0,0,0,2,0,0,1268,1766,5.42,0,0,2,1517.00 ,0.00 ,0,0,63.25,0.041860465,0,0,0,0.044444444,0,0,0.008588691,0.013615932,0.398809524,0,0,0.012738854,0.010939759,0,0,0,0.404604458
12,0,0,0,2,0,0,2638,3146,5.24,0,0,2,2892.00 ,0.00 ,0,0,61.99,0.046511628,0,0,0,0.044444444,0,0,0.017868271,0.024255788,0.386904762,0,0,0.012738854,0.020855493,0,0,0,0.373744795
11,0,1,3,1,2,0,2240,0,5.42,0,1,3,1120.00 ,76.33 ,1,1,72.52,0.041860465,0,0.142857143,0.428571429,0.022222222,0.047619048,0,0.015172451,0,0.398809524,0,0.5,0.01910828,0.008076816,0.021174295,1,1,0.631643399
11,1,0,2,0,0,0,3166,9487,5.42,131,2,0,6326.50 ,78.33 ,0,1,62.59,0.041860465,1,0,0.285714286,0,0,0,0.021444634,0.073145157,0.398809524,0.067840497,1,0,0.045623195,0.02172908,0,1,0.388439873
4,0,4,1,0,0,0,694,794,5.42,79,1,0,744.00 ,44.67 ,0,1,68.33,0.009302326,0,0.571428571,0.142857143,0,0,0,0.00470075,0.006121772,0.398809524,0.040911445,0.5,0,0.005365314,0.012390199,0,1,0.529022777
18,0,1,2,0,0,0,6551,5319,5.42,0,0,0,5935.00 ,114.33 ,1,1,57.17,0.074418605,0,0.142857143,0.285714286,0,0,0,0.044372646,0.041009707,0.398809524,0,0,0,0.042799915,0.03171521,1,1,0.255694342
4,0,0,1,0,0,0,897,1352,5.24,0,1,0,1124.50 ,0.00 ,0,0,65.1,0.009302326,0,0,0.142857143,0,0,0,0.006075754,0.010423975,0.386904762,0,0.5,0,0.008109268,0,0,0,0.449914279
9,0,4,2,2,0,0,1073,1251,5.83,149,1,2,1162.00 ,86.67 ,1,1,72.37,0.03255814,0,0.571428571,0.285714286,0.044444444,0,0,0.007267875,0.009645261,0.425925926,0.077162092,0.5,0.012738854,0.008379697,0.024040684,1,1,0.62796963
4,0,0,0,2,0,0,1578,3462,5.42,0,0,2,2520.00 ,57.00 ,0,1,66.6,0.009302326,0,0,0,0.044444444,0,0,0.01068845,0.026692161,0.398809524,0,0,0.012738854,0.018172837,0.015811373,0,1,0.486651972
7,0,0,0,0,0,0,1344,1450,5.83,0,0,0,1397.00 ,0.00 ,0,0,58.14,0.023255814,0,0,0,0,0,0,0.009103471,0.011179559,0.425925926,0,0,0,0.010074386,0,0,0,0.279451384
12,0,3,0,0,0,0,6488,2311,5.47,12,0,0,4399.50 ,70.00 ,0,1,63.95,0.046511628,0,0.428571429,0,0,0,0,0.043945921,0.017817904,0.402116402,0.006214397,0,0,0.031726744,0.019417476,0,1,0.421748714
10,0,0,0,3,0,0,4444,8988,5.42,11,0,3,6716.00 ,11.00 ,0,1,64.54,0.037209302,0,0,0,0.066666667,0,0,0.030101059,0.069297847,0.398809524,0.00569653,0,0.01910828,0.048432052,0.003051318,0,1,0.436198873
4,0,3,0,0,0,0,1541,1088,5.47,0,0,0,1314.50 ,22.33 ,0,1,58.06,0.009302326,0,0.428571429,0,0,0,0,0.010437834,0.008388524,0.402116402,0,0,0,0.009479442,0.006195099,0,1,0.27749204
3,0,0,0,0,0,0,485,593,5.83,1,0,0,539.00 ,0.33 ,0,1,62.36,0.004651163,0,0,0,0,0,0,0.003285107,0.004572054,0.425925926,0.000517866,0,0,0.003886968,9.24642E-05,0,1,0.38280676
12,0,4,0,0,0,0,5047,4556,5.47,0,0,0,4801.50 ,98.33 ,1,1,61.07,0.046511628,0,0.571428571,0,0,0,0,0.034185429,0.035126946,0.402116402,0,0,0,0.034625744,0.02727693,1,1,0.351212344
6,0,6,0,0,0,0,1750,2336,4.13,0,0,0,2043.00 ,0.00 ,0,0,55.61,0.018604651,0,0.857142857,0,0,0,0,0.011853477,0.018010655,0.313492063,0,0,0,0.014732978,0,0,0,0.217487142
5,0,1,0,1,0,0,1525,4057,5.47,0,0,1,2791.00 ,0.00 ,0,0,63.27,0.013953488,0,0.142857143,0,0.022222222,0,0,0.010329459,0.031279635,0.402116402,0,0,0.006369427,0.020127138,0,0,0,0.405094293
16,0,4,1,1,0,0,3370,3355,5.42,116,1,1,3362.50 ,153.67 ,0,1,69.58,0.065116279,0,0.571428571,0.142857143,0.022222222,0,0,0.022826411,0.025867187,0.398809524,0.060072501,0.5,0.006369427,0.024248477,0.042625982,0,1,0.559637521
13,0,4,1,9,1,0,162,8,5.65,221,1,12,85.00 ,169.67 ,1,1,67.84,0.051162791,0,0.571428571,0.142857143,0.2,0.023809524,0,0.001097293,6.16803E-05,0.414021164,0.114448472,0.5,0.076433121,0.000612973,0.047064263,1,1,0.517021798
8,0,0,0,0,0,0,3003,980,5.83,0,0,0,1991.50 ,0.00 ,0,0,60.54,0.027906977,0,0,0,0,0,0,0.020340567,0.00755584,0.425925926,0,0,0,0.014361589,0,0,0,0.338231692
8,0,1,0,1,0,0,2658,1905,5.83,0,0,1,2281.50 ,42.00 ,1,1,71.05,0.027906977,0,0.142857143,0,0.022222222,0,0,0.018003739,0.014687628,0.425925926,0,0,0.006369427,0.016452907,0.011650485,1,1,0.59564046
11,1,2,2,4,0,0,2477,939,5.83,0,2,4,1708.00 ,0.33 ,1,1,66,0.041860465,1,0.285714286,0.285714286,0.088888889,0,0,0.016777751,0.007239728,0.425925926,0,1,0.025477707,0.012317145,9.24642E-05,1,1,0.471956894
11,0,0,2,0,0,0,3670,4083,5.83,0,0,0,3876.50 ,0.00 ,0,0,60.49,0.041860465,0,0,0.285714286,0,0,0,0.024858436,0.031480097,0.425925926,0,0,0,0.027955159,0,0,0,0.337007103
5,1,0,2,4,0,0,2029,1326,5.47,1,2,5,1677.50 ,2.00 ,1,1,66.71,0.013953488,1,0,0.285714286,0.088888889,0,0,0.01374326,0.010223514,0.402116402,0.000517866,1,0.031847134,0.012097196,0.000554785,1,1,0.489346069
23,0,0,2,4,0,0,4297,5781,5.47,0,1,6,5039.00 ,0.00 ,0,0,59.04,0.097674419,0,0,0.285714286,0.088888889,0,0,0.029105367,0.044571746,0.402116402,0,0.5,0.038216561,0.036338462,0,0,0,0.301494
4,0,0,0,0,0,0,2974,4156,5.47,0,0,0,3565.00 ,16.00 ,0,1,57.95,0.009302326,0,0,0,0,0,0,0.020144138,0.03204293,0.402116402,0,0,0,0.025708795,0.00443828,0,1,0.274797943
10,1,5,3,6,2,0,3642,3277,5.47,0,2,8,3459.50 ,2.00 ,1,1,67.09,0.037209302,1,0.714285714,0.428571429,0.133333333,0.047619048,0,0.02466878,0.025265804,0.402116402,0,1,0.050955414,0.024947987,0.000554785,1,1,0.498652951
68,1,4,2,14,2,0,7792,7762,5.83,147,2,16,7777.00 ,146.33 ,1,1,77.59,0.306976744,1,0.571428571,0.285714286,0.311111111,0.047619048,0,0.052778455,0.059845337,0.425925926,0.076126359,1,0.101910828,0.056083393,0.040591771,1,1,0.755816801
10,0,4,1,5,0,0,3084,8388,5.47,72,1,5,5736.00 ,103.67 ,1,1,60.39,0.037209302,0,0.571428571,0.142857143,0.111111111,0,0,0.020889214,0.064671822,0.402116402,0.03728638,0.5,0.031847134,0.041364838,0.028756357,1,1,0.334557923
9,0,1,1,3,3,0,3498,4421,5.83,0,1,8,3959.50 ,0.00 ,1,0,67.25,0.03255814,0,0.142857143,0.142857143,0.066666667,0.071428571,0,0.023693408,0.03408609,0.425925926,0,0.5,0.050955414,0.028553709,0,1,0,0.502571639
7,0,2,2,4,0,0,2777,2588,5.83,0,1,4,2682.50 ,0.00 ,1,0,64.27,0.023255814,0,0.285714286,0.285714286,0.088888889,0,0,0.018809775,0.019953586,0.425925926,0,0.5,0.025477707,0.019344696,0,1,0,0.429586089
9,0,4,1,1,0,0,1969,996,5.83,40,1,1,1482.50 ,19.00 ,0,1,66.98,0.03255814,0,0.571428571,0.142857143,0.022222222,0,0,0.013336856,0.007679201,0.425925926,0.020714656,0.5,0.006369427,0.010690964,0.005270458,0,1,0.495958854
7,0,0,0,0,0,0,1007,763,5.83,0,0,0,885.00 ,0.00 ,0,0,61.67,0.023255814,0,0,0,0,0,0,0.00682083,0.005882761,0.425925926,0,0,0,0.006382127,0,0,0,0.365907421
10,0,0,1,0,0,0,2135,2847,5.83,0,1,0,2491.00 ,33.00 ,0,1,60.69,0.037209302,0,0,0.142857143,0,0,0,0.014461243,0.021950486,0.425925926,0,0.5,0,0.017963705,0.009153953,0,1,0.341905462
12,0,1,2,3,0,0,2935,821,5.47,0,1,3,1878.00 ,58.33 ,1,1,68.66,0.046511628,0,0.142857143,0.285714286,0.066666667,0,0,0.019879975,0.006329943,0.402116402,0,0.5,0.01910828,0.01354309,0.01618123,1,1,0.53710507
15,1,2,2,0,4,0,2058,2621,5.47,0,2,6,2339.50 ,153.00 ,1,1,68.38,0.060465116,1,0.285714286,0.285714286,0,0.095238095,0,0.01393969,0.020208017,0.402116402,0,1,0.038216561,0.016871171,0.042441054,1,1,0.530247367
73,1,6,4,6,4,0,15898,10367,2.22,58,2,10,13132.50 ,33.33 ,1,1,74.32,0.330232558,1,0.857142857,0.571428571,0.133333333,0.095238095,0,0.107683763,0.079929993,0.187169312,0.030036251,1,0.063694268,0.094704277,0.009246417,1,1,0.675728631
10,0,0,0,1,0,0,11190,8456,2.22,0,0,1,9823.00 ,0.00 ,0,0,68.93,0.037209302,0,0,0,0.022222222,0,0,0.075794522,0.065196105,0.187169312,0,0,0.006369427,0.070838006,0,0,0,0.543717855
10,0,0,1,0,0,0,7351,7275,2.22,0,0,0,7313.00 ,0.00 ,0,0,60.25,0.037209302,0,0,0.142857143,0,0,0,0.049791379,0.056090547,0.187169312,0,0,0,0.052737284,0,0,0,0.331129072
10,0,1,3,1,0,0,1590,1175,2.22,20,0,1,1382.50 ,44.33 ,0,1,68.88,0.037209302,0,0.142857143,0.428571429,0.022222222,0,0,0.010769731,0.009059298,0.187169312,0.010357328,0,0.006369427,0.00996982,0.012297735,0,1,0.542493265
6,0,3,0,0,0,0,1818,2236,2.22,0,0,0,2027.00 ,0.00 ,0,0,53.58,0.018604651,0,0.428571429,0,0,0,0,0.01231407,0.017239651,0.187169312,0,0,0,0.014617595,0,0,0,0.167768797
11,0,5,1,3,2,0,2428,2420,2.22,5,1,8,2424.00 ,11.33 ,0,1,64.17,0.041860465,0,0.714285714,0.142857143,0.066666667,0.047619048,0,0.016445853,0.018658299,0.187169312,0.002589332,0.5,0.050955414,0.017480538,0.003143782,0,1,0.427136909
49,1,0,2,0,0,0,4707,4901,2.22,6,2,0,4804.00 ,10.33 ,0,1,59.34,0.218604651,1,0,0.285714286,0,0,0,0.031882468,0.03778691,0.187169312,0.003107198,1,0,0.034643773,0.002866389,0,1,0.308841538
5,0,0,1,0,0,0,1400,1449,3.36,0,0,0,1424.50 ,0.00 ,0,0,63.78,0.013953488,0,0,0.142857143,0,0,0,0.009482782,0.011171849,0.262566138,0,0,0,0.010272701,0,0,0,0.417585109
31,1,0,3,1,0,0,4906,3186,3.36,0,2,1,4046.00 ,0.00 ,0,0,68.62,0.134883721,1,0,0.428571429,0.022222222,0,0,0.033230377,0.02456419,0.262566138,0,1,0.006369427,0.029177499,0,0,0,0.536125398
32,0,5,2,0,0,0,4187,3997,3.36,89,1,0,4092.00 ,60.67 ,1,1,68.37,0.139534884,0,0.714285714,0.285714286,0,0,0,0.028360292,0.030817033,0.262566138,0.046090109,0.5,0,0.029509225,0.016828479,1,1,0.530002449
5,1,0,2,1,0,0,2709,1857,3.36,0,2,1,2283.00 ,0.00 ,1,0,61.06,0.013953488,1,0,0.285714286,0.022222222,0,0,0.018349183,0.014317546,0.262566138,0,1,0.006369427,0.016463725,0,1,0,0.350967426
13,0,0,2,0,0,0,2232,1160,3.36,0,0,0,1696.00 ,0.00 ,0,0,54.68,0.051162791,0,0,0.285714286,0,0,0,0.015118264,0.008943647,0.262566138,0,0,0,0.012230608,0,0,0,0.194709772
16,0,3,2,4,0,0,1277,1358,3.36,4,1,4,1317.50 ,73.33 ,1,1,60.13,0.065116279,0,0.428571429,0.285714286,0.088888889,0,0,0.008649652,0.010470235,0.262566138,0.002071466,0.5,0.025477707,0.009501076,0.020342117,1,1,0.328190056
14,1,0,1,0,0,0,15506,15916,4.62,4,1,0,15711.00 ,1.33 ,0,1,61.72,0.055813953,1,0,0.142857143,0,0,0,0.105028584,0.122713009,0.345899471,0.002071466,0.5,0,0.113298983,0.000369857,0,1,0.367132011
2,0,0,0,0,0,0,1659,2123,1.62,19,0,0,1891.00 ,37.33 ,0,1,58.56,0,0,0,0,0,0,0,0.011237097,0.016368417,0.147486772,0.009839461,0,0,0.013636839,0.010355987,0,1,0.289737938
23,0,3,1,6,1,0,2428,1232,-0.61,0,1,8,1830.00 ,0.00 ,1,0,70.46,0.097674419,0,0.428571429,0.142857143,0.133333333,0.023809524,0,0.016445853,0.00949877,0,0,0.5,0.050955414,0.013196941,0,1,0,0.581190301
27,0,6,0,0,0,0,5288,5908,3.86,0,0,0,5598.00 ,15.00 ,0,1,63.56,0.11627907,0,0.857142857,0,0,0,0,0.035817822,0.045550921,0.295634921,0,0,0,0.040369659,0.004160888,0,1,0.412196914
4,0,0,0,0,0,0,471,760,3.86,0,0,0,615.50 ,0.00 ,0,0,61.81,0.009302326,0,0,0,0,0,0,0.003190279,0.005859631,0.295634921,0,0,0,0.004438643,0,0,0,0.369336272
12,1,2,2,2,1,0,3354,2527,3.86,0,2,4,2940.50 ,10.67 ,0,1,63.87,0.046511628,1,0.285714286,0.285714286,0.044444444,0.023809524,0,0.022718036,0.019483273,0.295634921,0,1,0.025477707,0.021205248,0.002958853,0,1,0.419789371
15,0,2,2,2,0,0,2592,517,3.86,0,1,2,1554.50 ,24.67 ,0,1,60.8,0.060465116,0,0.285714286,0.285714286,0.044444444,0,0,0.017556693,0.003986091,0.295634921,0,0.5,0.012738854,0.011210188,0.006842349,0,1,0.344599559
16,0,0,0,4,0,0,3958,3381,3.86,0,0,6,3669.50 ,0.00 ,0,0,59.57,0.065116279,0,0,0,0.088888889,0,0,0.026809179,0.026067648,0.295634921,0,0,0.038216561,0.026462391,0,0,0,0.314474651
153,0,2,1,4,6,0,24434,1505,3.13,0,1,56,12969.50 ,67.00 ,1,1,71.38,0.702325581,0,0.285714286,0.142857143,0.088888889,0.142857143,0,0.165501639,0.011603611,0.247354497,0,0.5,0.356687898,0.093528812,0.018585298,1,1,0.603722753
22,0,0,0,2,0,0,2440,2546,3.86,0,0,2,2493.00 ,3.67 ,0,1,68.76,0.093023256,0,0,0,0.044444444,0,0,0.016527134,0.019629764,0.295634921,0,0,0.012738854,0.017978128,0.001017106,0,1,0.539554249
5,0,0,0,0,0,0,2762,1844,3.86,0,0,0,2303.00 ,0.00 ,0,0,59.26,0.013953488,0,0,0,0,0,0,0.018708174,0.014217315,0.295634921,0,0,0,0.016607954,0,0,0,0.306882194
19,1,0,4,1,3,0,5593,4571,3.13,0,2,9,5082.00 ,0.00 ,1,0,71.83,0.079069767,1,0,0.571428571,0.022222222,0.071428571,0,0.037883714,0.035242596,0.247354497,0,1,0.057324841,0.036648554,0,1,0,0.614744061
13,0,0,0,0,0,0,1623,1618,3.13,0,0,0,1620.50 ,0.00 ,0,0,70.92,0.051162791,0,0,0,0,0,0,0.010993254,0.012474846,0.247354497,0,0,0,0.011686144,0,0,0,0.592456527
20,0,0,0,0,0,0,3265,2896,3.86,0,0,0,3080.50 ,0.00 ,0,0,59.16,0.08372093,0,0,0,0,0,0,0.022115202,0.022328278,0.295634921,0,0,0,0.022214851,0,0,0,0.304433015
50,0,6,0,0,9,0,7778,6248,3.86,0,0,10,7013.00 ,0.00 ,1,0,72.26,0.223255814,0,0.857142857,0,0,0.214285714,0,0.052683627,0.048172335,0.295634921,0,0,0.063694268,0.050573851,0,1,0,0.625275533
9,0,0,0,2,0,0,2036,2757,3.13,0,0,2,2396.50 ,4.33 ,0,1,59.46,0.03255814,0,0,0,0.044444444,0,0,0.013790674,0.021256582,0.247354497,0,0,0.012738854,0.017282223,0.001202034,0,1,0.311780554
17,1,3,3,2,2,0,5106,3245,3.13,0,2,12,4175.50 ,55.67 ,1,1,70.71,0.069767442,1,0.428571429,0.428571429,0.044444444,0.047619048,0,0.034585061,0.025019082,0.247354497,0,1,0.076433121,0.030111381,0.015441516,1,1,0.58731325
16,0,0,0,1,0,0,2343,2635,3.13,0,0,1,2489.00 ,0.00 ,0,0,67.86,0.065116279,0,0,0,0.022222222,0,0,0.015870113,0.020315957,0.247354497,0,0,0.006369427,0.017949282,0,0,0,0.517511634
15,1,1,3,2,3,0,13287,6317,3.13,0,1,24,9802.00 ,6.00 ,0,1,65.75,0.060465116,1,0.142857143,0.428571429,0.044444444,0.071428571,0,0.089998374,0.048704328,0.247354497,0,0.5,0.152866242,0.070686565,0.001664355,0,1,0.465833946
25,0,0,0,0,0,0,5559,4679,3.13,0,0,0,5119.00 ,0.00 ,0,0,61.86,0.106976744,0,0,0,0,0,0,0.037653418,0.036075281,0.247354497,0,0,0,0.036915377,0,0,0,0.370560862
8,0,4,0,0,0,0,1142,1354,3.13,0,0,0,1248.00 ,14.67 ,0,1,56.19,0.027906977,0,0.571428571,0,0,0,0,0.007735241,0.010439395,0.247354497,0,0,0,0.008999881,0.004068423,0,1,0.231692383
7,0,5,0,1,0,0,7488,5248,3.13,0,0,1,6368.00 ,0.00 ,0,0,62.3,0.023255814,0,0.714285714,0,0.022222222,0,0,0.050719337,0.040462294,0.247354497,0,0,0.006369427,0.04592247,0,0,0,0.381337252
9,0,5,1,7,2,0,1586,1903,3.96,68,1,13,1744.50 ,79.33 ,1,1,63.1,0.03255814,0,0.714285714,0.142857143,0.155555556,0.047619048,0,0.010742637,0.014672208,0.302248677,0.035214915,0.5,0.082802548,0.012580363,0.022006472,1,1,0.400930688
5,0,2,0,2,17,0,2820,1905,4.25,0,0,19,2362.50 ,24.00 ,0,1,57.9,0.013953488,0,0.285714286,0,0.044444444,0.404761905,0,0.019101032,0.014687628,0.321428571,0,0,0.121019108,0.017037034,0.00665742,0,1,0.273573353
7,0,0,1,0,1,0,1196,1680,3.96,0,0,1,1438.00 ,0.00 ,0,0,59.55,0.023255814,0,0,0.142857143,0,0.023809524,0,0.008101005,0.012952869,0.302248677,0,0,0.006369427,0.010370055,0,0,0,0.313984815
37,0,2,2,0,1,0,5958,4443,3.96,39,1,1,5200.50 ,77.33 ,0,1,65.72,0.162790698,0,0.285714286,0.285714286,0,0.023809524,0,0.040356011,0.034255711,0.302248677,0.020196789,0.5,0.006369427,0.03750311,0.021451687,0,1,0.465099192
6,0,0,1,0,1,0,2171,2741,4.25,0,0,1,2456.00 ,0.00 ,0,0,53.27,0.018604651,0,0,0.142857143,0,0.023809524,0,0.014705085,0.021133222,0.321428571,0,0,0.006369427,0.017711304,0,0,0,0.160176341
8,0,4,0,0,0,0,1423,1253,3.96,0,0,0,1338.00 ,0.00 ,0,0,58.59,0.027906977,0,0.571428571,0,0,0,0,0.009638571,0.009660681,0.302248677,0,0,0,0.009648911,0,0,0,0.290472692
10,0,3,0,0,0,0,1373,1240,3.96,0,0,0,1306.50 ,0.00 ,0,0,61,0.037209302,0,0.428571429,0,0,0,0,0.0092999,0.009560451,0.302248677,0,0,0,0.00942175,0,0,0,0.349497918
12,0,0,0,0,0,0,1990,1567,3.96,0,0,0,1778.50 ,0.00 ,0,0,56.61,0.046511628,0,0,0,0,0,0,0.013479097,0.012081634,0.302248677,0,0,0,0.012825552,0,0,0,0.241978937
5,0,0,0,0,0,0,0,0,0.14,0,0,0,0.00 ,0.00 ,0,0,56.97,0.013953488,0,0,0,0,0,0,0,0,0.049603175,0,0,0,0,0,0,0,0.250795983
9,0,0,0,0,0,0,4425,6356,11.26,0,0,0,5390.50 ,0.00 ,0,0,58.6,0.03255814,0,0,0,0,0,0,0.029972364,0.049005019,0.78505291,0,0,0,0.038873284,0,0,0,0.29071761
9,0,0,0,0,0,0,23992,13562,2.62,0,0,0,18777.00 ,0.00 ,0,0,54.15,0.03255814,0,0,0,0,0,0,0.162507789,0.104563573,0.213624339,0,0,0,0.135409267,0,0,0,0.181729121
22,0,5,3,10,0,0,10852,7738,3.28,0,1,10,9295.00 ,149.33 ,1,1,74.22,0.093023256,0,0.714285714,0.428571429,0.222222222,0,0,0.073505107,0.059660296,0.257275132,0,0.5,0.063694268,0.067030364,0.041423948,1,1,0.673279451
4,0,0,0,0,0,0,2099,2188,11.12,0,0,0,2143.50 ,0.00 ,0,0,60.87,0.009302326,0,0,0,0,0,0,0.0142174,0.016869569,0.775793651,0,0,0,0.015457728,0,0,0,0.346313985
11,0,0,1,1,0,0,2397,2754,4.02,0,1,1,2575.50 ,0.00 ,0,0,60.73,0.041860465,0,0,0.142857143,0.022222222,0,0,0.016235877,0.021233452,0.306216931,0,0.5,0.006369427,0.018573072,0,0,0,0.342885133
48,0,0,2,1,0,0,18121,16238,11.12,0,0,1,17179.50 ,0.00 ,0,0,68.2,0.213953488,0,0,0.285714286,0.022222222,0,0,0.122741066,0.125195642,0.775793651,0,0,0.006369427,0.123888987,0,0,0,0.525838844
18,0,0,0,0,0,0,2558,2317,11.12,0,0,0,2437.50 ,0.00 ,0,0,57.32,0.074418605,0,0,0,0,0,0,0.017326397,0.017864165,0.775793651,0,0,0,0.017577893,0,0,0,0.259368112
8,0,0,0,0,0,0,4214,4281,5.03,0,0,0,4247.50 ,0.00 ,0,0,54.05,0.027906977,0,0,0,0,0,0,0.028543174,0.033006685,0.373015873,0,0,0,0.030630605,0,0,0,0.179279941
16,0,0,0,0,0,0,9074,7296,0,0,0,0,8185.00 ,0.00 ,0,0,61.27,0.065116279,0,0,0,0,0,0,0.061461974,0.056252458,0.040343915,0,0,0,0.059025662,0,0,0,0.356110703
16,0,0,0,0,0,0,6088,4615,5.03,0,0,0,5351.50 ,0.00 ,0,0,62.6,0.065116279,0,0,0,0,0,0,0.041236555,0.035581838,0.373015873,0,0,0,0.038592038,0,0,0,0.388684791
12,0,0,0,0,0,0,7152,3448,5.03,0,0,0,5300.00 ,0.00 ,0,0,51.97,0.046511628,0,0,0,0,0,0,0.048443469,0.026584221,0.373015873,0,0,0,0.038220649,0,0,0,0.128337007
7,0,0,0,0,0,0,10233,8778,5.03,0,0,0,9505.50 ,0.00 ,0,0,65.8,0.023255814,0,0,0,0,0,0,0.069312363,0.067678738,0.373015873,0,0,0,0.068548373,0,0,0,0.467058535
20,0,0,0,0,0,0,2572,0,5.03,0,0,0,1286.00 ,0.00 ,1,0,60.79,0.08372093,0,0,0,0,0,0,0.017421225,0,0.373015873,0,0,0,0.009273916,0,1,0,0.344354641
18,0,0,0,0,0,0,16911,5036,5.03,0,0,0,10973.50 ,0.00 ,0,0,61.08,0.074418605,0,0,0,0,0,0,0.114545233,0.038827765,0.373015873,0,0,0,0.079134771,0,0,0,0.351457262
6,0,0,0,0,0,0,2120,1632,5.09,0,0,0,1876.00 ,0.00 ,0,0,52.38,0.018604651,0,0,0,0,0,0,0.014359641,0.012582787,0.376984127,0,0,0,0.013528667,0,0,0,0.138378643
6,0,0,0,0,0,0,5271,7028,5.09,0,0,0,6149.50 ,0.00 ,0,0,59.66,0.018604651,0,0,0,0,0,0,0.035702674,0.054186167,0.376984127,0,0,0,0.044346769,0,0,0,0.316678913
6,0,0,0,0,0,0,0,0,5.09,0,0,0,0.00 ,0.00 ,0,0,47.09,0.018604651,0,0,0,0,0,0,0,0,0.376984127,0,0,0,0,0,0,0,0.008817046
11,0,0,0,0,0,0,3665,8108,5.09,0,0,0,5886.50 ,0.00 ,0,0,69.14,0.041860465,0,0,0,0,0,0,0.024824569,0.062513011,0.376984127,0,0,0,0.04245016,0,0,0,0.548861132
5,0,0,0,0,0,0,7256,0,5.03,0,0,0,3628.00 ,0.00 ,0,0,47.68,0.013953488,0,0,0,0,0,0,0.049147904,0,0.373015873,0,0,0,0.026163116,0,0,0,0.023267205
17,0,0,0,0,0,0,12321,10946,5.03,0,0,0,11633.50 ,0.00 ,0,0,62.82,0.069767442,0,0,0,0,0,0,0.083455255,0.084394106,0.373015873,0,0,0,0.083894324,0,0,0,0.394072986
9,0,0,0,0,0,0,2266,14101,5.03,0,0,0,8183.50 ,0.00 ,0,0,63.4,0.03255814,0,0,0,0,0,0,0.01534856,0.108719285,0.373015873,0,0,0,0.059014845,0,0,0,0.408278227
13,0,0,0,0,0,0,11908,8710,5.03,0,0,0,10309.00 ,0.00 ,0,0,62.95,0.051162791,0,0,0,0,0,0,0.080657834,0.067154455,0.373015873,0,0,0,0.074342767,0,0,0,0.397256919
11,0,0,0,0,0,0,0,0,5.03,0,0,0,0.00 ,0.00 ,0,0,54.43,0.041860465,0,0,0,0,0,0,0,0,0.373015873,0,0,0,0,0,0,0,0.188586823
7,0,0,0,3,0,0,1746,549,5.09,0,0,3,1147.50 ,0.00 ,0,0,65.6,0.023255814,0,0,0,0.066666667,0,0,0.011826384,0.004232812,0.376984127,0,0,0.01910828,0.008275131,0,0,0,0.462160176
11,0,0,0,0,0,0,10701,5639,5.09,0,0,0,8170.00 ,0.00 ,0,0,59.36,0.041860465,0,0,0,0,0,0,0.072482321,0.04347692,0.376984127,0,0,0,0.05891749,0,0,0,0.309331374
22,0,4,2,1,0,0,31884,31856,5.09,0,1,1,31870.00 ,0.00 ,0,0,69.52,0.093023256,0,0.571428571,0.285714286,0.022222222,0,0,0.215963586,0.245611059,0.376984127,0,0.5,0.006369427,0.229828692,0,0,0,0.558168014
9,0,0,0,0,0,0,3137,10255,5.09,0,0,0,6696.00 ,0.00 ,0,0,56.31,0.03255814,0,0,0,0,0,0,0.021248205,0.079066468,0.376984127,0,0,0,0.048287823,0,0,0,0.234631398
6,0,0,0,0,0,0,3891,2618,5.09,0,0,0,3254.50 ,0.00 ,0,0,61.06,0.018604651,0,0,0,0,0,0,0.02635536,0.020184887,0.376984127,0,0,0,0.023469642,0,0,0,0.350967426
10,0,0,0,0,0,0,1911,1074,5.09,0,0,0,1492.50 ,0.00 ,0,0,58.12,0.037209302,0,0,0,0,0,0,0.012943997,0.008280584,0.376984127,0,0,0,0.010763079,0,0,0,0.278961548
18,0,3,1,0,0,3,3651,5511,4.3,0,1,3,4581.00 ,112.67 ,1,1,67.47,0.074418605,0,0.428571429,0.142857143,0,0,0.375,0.024729741,0.042490035,0.32473545,0,0.5,0.01910828,0.033035621,0.03125289,1,1,0.507959833
10,0,0,0,0,0,0,4705,3169,4.3,0,0,0,3937.00 ,0.00 ,0,0,69.74,0.037209302,0,0,0,0,0,0,0.031868921,0.024433119,0.32473545,0,0,0,0.028391452,0,0,0,0.563556209
8,0,0,0,0,0,0,1704,1268,4.3,0,0,0,1486.00 ,0.00 ,0,0,55.8,0.027906977,0,0,0,0,0,0,0.0115419,0.009776332,0.32473545,0,0,0,0.010716204,0,0,0,0.222140583
8,0,0,0,0,0,0,3861,3561,4.3,0,0,1,3711.00 ,0.00 ,0,0,60.96,0.027906977,0,0,0,0,0,0,0.026152158,0.027455455,0.32473545,0,0,0.006369427,0.026761665,0,0,0,0.348518246
11,0,0,0,0,0,0,2894,3156,4.3,0,0,0,3025.00 ,0.00 ,0,0,59.35,0.041860465,0,0,0,0,0,0,0.019602265,0.024332889,0.32473545,0,0,0,0.021814615,0,0,0,0.309086456
10,0,0,0,0,0,0,3372,2433,4.3,0,0,0,2902.50 ,0.00 ,0,0,66.4,0.037209302,0,0,0,0,0,0,0.022839958,0.018758529,0.32473545,0,0,0,0.020931214,0,0,0,0.481753613
4,0,0,0,0,0,0,913,768,4.3,0,0,0,840.50 ,0.00 ,0,0,60.3,0.009302326,0,0,0,0,0,0,0.006184129,0.005921311,0.32473545,0,0,0,0.006061218,0,0,0,0.332353662
13,0,0,0,0,0,0,967,2858,4.3,0,0,0,1912.50 ,0.00 ,0,0,64.51,0.051162791,0,0,0,0,0,0,0.006549893,0.022035297,0.32473545,0,0,0,0.013791885,0,0,0,0.43546412
8,0,4,0,1,0,0,764,848,6.92,0,0,1,806.00 ,0.00 ,0,0,64.38,0.027906977,0,0.571428571,0,0.022222222,0,0,0.00517489,0.006538115,0.498015873,0,0,0.006369427,0.005812423,0,0,0,0.432280186
9,0,0,0,0,0,0,2180,0,4.3,0,0,0,1090.00 ,0.00 ,0,0,51.51,0.03255814,0,0,0,0,0,0,0.014766046,0,0.32473545,0,0,0,0.007860473,0,0,0,0.117070781
3,0,0,0,0,0,0,797,0,4.33,0,0,0,398.50 ,0.00 ,0,0,52.7,0.004651163,0,0,0,0,0,0,0.005398412,0,0.326719577,0,0,0,0.00287376,0,0,0,0.146216018
37,0,0,0,0,0,0,9355,8493,4.33,0,0,0,8924.00 ,0.00 ,0,0,69.5,0.162790698,0,0,0,0,0,0,0.063365304,0.065481376,0.326719577,0,0,0,0.064354918,0,0,0,0.557678178
5,0,0,0,0,0,0,2986,1317,4.3,0,0,0,2151.50 ,0.00 ,0,0,62.24,0.013953488,0,0,0,0,0,0,0.020225419,0.010154124,0.32473545,0,0,0,0.01551542,0,0,0,0.379867744
28,0,3,0,2,1,0,8375,8114,4.33,0,0,3,8244.50 ,1.33 ,0,1,68.26,0.120930233,0,0.428571429,0,0.044444444,0.023809524,0,0.056727356,0.062559271,0.326719577,0,0,0.01910828,0.059454743,0.000369857,0,1,0.527308352
168,0,0,0,0,0,0,13264,4229,4.3,0,0,0,8746.50 ,0.00 ,0,0,61.74,0.772093023,0,0,0,0,0,0,0.089842586,0.032605762,0.32473545,0,0,0,0.063074887,0,0,0,0.367621847
5,0,3,0,0,0,0,2647,3413,4.3,0,0,0,3030.00 ,0.00 ,0,0,62.6,0.013953488,0,0.428571429,0,0,0,0,0.017929231,0.026314369,0.32473545,0,0,0,0.021850673,0,0,0,0.388684791
5,0,5,0,0,0,0,7285,2530,4.33,0,0,2,4907.50 ,0.00 ,1,0,65.16,0.013953488,0,0.714285714,0,0,0,0,0.049344333,0.019506403,0.326719577,0,0,0.012738854,0.035390157,0,1,0,0.451383786
17,0,0,0,0,0,0,702,2615,4.33,0,0,0,1658.50 ,0.00 ,0,0,68.01,0.069767442,0,0,0,0,0,0,0.004754938,0.020161757,0.326719577,0,0,0,0.011960178,0,0,0,0.521185403
16,0,0,0,0,0,0,5313,6097,4.33,0,0,0,5705.00 ,0.00 ,0,0,64.54,0.065116279,0,0,0,0,0,0,0.035987158,0.047008119,0.326719577,0,0,0,0.041141283,0,0,0,0.436198873
5,0,0,0,0,0,0,1683,1003,4.3,0,0,0,1343.00 ,0.00 ,0,0,56.02,0.013953488,0,0,0,0,0,0,0.011399659,0.007733171,0.32473545,0,0,0,0.009684968,0,0,0,0.227528778
7,0,0,0,2,0,0,15385,21972,4.33,0,0,5,18678.50 ,0.00 ,0,0,67.21,0.023255814,0,0,0,0.044444444,0,0,0.104209001,0.169405016,0.326719577,0,0,0.031847134,0.13469894,0,0,0,0.501591967
20,0,0,0,0,0,0,2076,2534,4.33,0,0,0,2305.00 ,0.00 ,0,0,65.92,0.08372093,0,0,0,0,0,0,0.014061611,0.019537243,0.326719577,0,0,0,0.016622376,0,0,0,0.469997551
17,0,3,1,1,0,0,6322,8768,4.33,207,1,1,7545.00 ,194.33 ,1,1,70.43,0.069767442,0,0.428571429,0.142857143,0.022222222,0,0,0.042821534,0.067601638,0.326719577,0.107198343,0.5,0.006369427,0.054410338,0.053906611,1,1,0.580455547
20,0,0,0,0,0,0,3390,5254,4.33,0,0,0,4322.00 ,0.00 ,0,0,63.94,0.08372093,0,0,0,0,0,0,0.022961879,0.040508554,0.326719577,0,0,0,0.031167857,0,0,0,0.421503796
2,0,0,0,0,0,0,33,110,2.62,0,0,0,71.50 ,0.00 ,0,0,46.73,0,0,0,0,0,0,0,0.000223523,0.000848104,0.213624339,0,0,0,0.000515618,0,0,0,0
5,0,0,0,0,0,0,0,0,3.99,0,0,0,0.00 ,0.00 ,0,0,50.5,0.013953488,0,0,0,0,0,0,0,0,0.304232804,0,0,0,0,0,0,0,0.092334068
15,0,1,0,1,0,0,2916,1149,8.08,0,0,1,2032.50 ,75.67 ,1,1,60.86,0.060465116,0,0.142857143,0,0.022222222,0,0,0.01975128,0.008858837,0.57473545,0,0,0.006369427,0.014657258,0.020989367,1,1,0.346069067
13,1,0,2,5,2,0,763,223,8.08,29,2,10,493.00 ,16.33 ,1,1,72.73,0.051162791,1,0,0.285714286,0.111111111,0.047619048,0,0.005168116,0.001719339,0.57473545,0.015018125,1,0.063694268,0.003555241,0.004530744,1,1,0.636786676
17,0,2,1,3,0,6,2442,2007,8.08,236,1,9,2224.50 ,438.33 ,1,1,67.95,0.069767442,0,0.285714286,0.142857143,0.066666667,0,0.75,0.016540681,0.015474052,0.57473545,0.122216468,0.5,0.057324841,0.016041855,0.121590384,1,1,0.519715895
29,1,2,2,19,3,0,5267,6165,8.08,33,2,22,5716.00 ,422.00 ,1,1,73.68,0.125581395,1,0.285714286,0.285714286,0.422222222,0.071428571,0,0.03567558,0.047532401,0.57473545,0.017089591,1,0.140127389,0.041220609,0.117059639,1,1,0.660053882
61,0,3,1,1,0,0,6738,6844,10.21,0,1,1,6791.00 ,40.67 ,1,1,69.28,0.274418605,0,0.428571429,0.142857143,0.022222222,0,0,0.045639275,0.052767519,0.715608466,0,0.5,0.006369427,0.04897291,0.011280629,1,1,0.552289983
11,0,5,1,0,1,0,1726,913,8.08,0,1,1,1319.50 ,47.00 ,1,1,73.82,0.041860465,0,0.714285714,0.142857143,0,0.023809524,0,0.011690915,0.007039267,0.57473545,0,0.5,0.006369427,0.009515499,0.013037448,1,1,0.663482733
9,0,3,1,4,3,0,1637,1577,8.08,0,1,7,1607.00 ,459.00 ,1,1,69.52,0.03255814,0,0.428571429,0.142857143,0.088888889,0.071428571,0,0.011088081,0.012158734,0.57473545,0,0.5,0.044585987,0.011588789,0.127323162,1,1,0.558168014
77,1,4,3,2,3,5,13353,12810,8.08,296,2,10,13081.50 ,131.00 ,1,1,69.18,0.348837209,1,0.571428571,0.428571429,0.044444444,0.071428571,0.625,0.09044542,0.098765622,0.57473545,0.153288452,1,0.063694268,0.094336493,0.036338419,1,1,0.549840803
47,0,0,1,0,6,0,3137,6301,8.08,0,1,6,4719.00 ,11.33 ,1,1,61.02,0.209302326,0,0,0.142857143,0,0.142857143,0,0.021248205,0.048580967,0.57473545,0,0.5,0.038216561,0.0340308,0.003143782,1,1,0.349987754
13,0,6,0,0,0,0,615,1163,8.08,65,0,1,889.00 ,90.00 ,1,1,62.1,0.051162791,0,0.857142857,0,0,0,0,0.004165651,0.008966777,0.57473545,0.033661315,0,0.006369427,0.006410973,0.024965326,1,1,0.376438893
29,1,6,3,7,1,7,1942,915,8.08,98,1,15,1428.50 ,72.00 ,1,1,86.69,0.125581395,1,0.857142857,0.428571429,0.155555556,0.023809524,0.875,0.013153973,0.007054687,0.57473545,0.050750906,0.5,0.095541401,0.010301546,0.019972261,1,1,0.978692138
60,0,4,0,1,0,0,5506,4561,8.08,0,0,1,5033.50 ,5.67 ,1,1,65.39,0.269767442,0,0.571428571,0,0.022222222,0,0,0.037294427,0.035165496,0.57473545,0,0,0.006369427,0.036298799,0.001571891,1,1,0.457016899
7,0,5,1,10,2,0,845,476,5.67,0,1,134,660.50 ,77.00 ,1,1,73.69,0.023255814,0,0.714285714,0.142857143,0.222222222,0.047619048,0,0.005723536,0.003669979,0.415343915,0,0.5,0.853503185,0.004763158,0.021359223,1,1,0.6602988
25,0,0,7,2,0,0,0,0,8.08,0,1,3,0.00 ,0.00 ,1,0,77.48,0.106976744,0,0,1,0.044444444,0,0,0,0,0.57473545,0,0.5,0.01910828,0,0,1,0,0.753122704
9,0,0,0,0,0,1,3335,4976,8.08,0,0,1,4155.50 ,0.00 ,0,0,65.01,0.03255814,0,0,0,0,0,0.125,0.022589341,0.038365163,0.57473545,0,0,0.006369427,0.029967152,0,0,0,0.447710017
70,0,0,1,0,2,0,3308,202,8.08,0,1,2,1755.00 ,0.00 ,0,0,56.7,0.31627907,0,0,0.142857143,0,0.047619048,0,0.022406459,0.001557428,0.57473545,0,0.5,0.012738854,0.012656083,0,0,0,0.244183199
5,0,5,0,3,4,0,1765,1216,6.37,0,0,7,1490.50 ,116.33 ,1,1,66.92,0.013953488,0,0.714285714,0,0.066666667,0.095238095,0,0.011955079,0.00937541,0.461640212,0,0,0.044585987,0.010748656,0.032269995,1,1,0.494489346
24,0,5,1,6,5,0,2104,1602,6.37,240,1,11,1853.00 ,295.67 ,1,1,81.32,0.102325581,0,0.714285714,0.142857143,0.133333333,0.119047619,0,0.014251267,0.012351485,0.461640212,0.124287934,0.5,0.070063694,0.013362804,0.082015719,1,1,0.847171198
25,0,4,1,20,6,7,479,359,8.08,345,1,35,419.00 ,401.00 ,1,1,79.91,0.106976744,0,0.571428571,0.142857143,0.444444444,0.142857143,0.875,0.003244466,0.002767905,0.57473545,0.178663905,0.5,0.222929936,0.003021595,0.111234397,1,1,0.812637766
37,0,3,0,10,0,0,6905,18819,6.37,0,0,10,12862.00 ,0.00 ,1,0,73.01,0.162790698,0,0.428571429,0,0.222222222,0,0,0.046770435,0.145095258,0.461640212,0,0,0.063694268,0.092753581,0,1,0,0.643644379
46,0,0,0,0,0,0,5686,5073,5.67,50,0,0,5379.50 ,27.33 ,0,1,73.59,0.204651163,0,0,0,0,0,0,0.038513642,0.039113037,0.415343915,0.02589332,0,0,0.038793958,0.007582062,0,1,0.65784962
25,0,3,1,0,0,0,5030,4742,5.67,0,1,0,4886.00 ,0.00 ,1,0,61.47,0.106976744,0,0.428571429,0.142857143,0,0,0,0.034070281,0.036561013,0.415343915,0,0.5,0,0.035235111,0,1,0,0.361009062
121,1,6,3,11,3,5,64144,58481,6.37,575,2,19,61312.50 ,827.67 ,1,1,77.16,0.553488372,1,0.857142857,0.428571429,0.244444444,0.071428571,0.625,0.434473977,0.450890895,0.461640212,0.297773175,1,0.121019108,0.442151606,0.229588534,1,1,0.745285329
12,0,1,1,3,2,0,2963,4878,6.37,0,1,5,3920.50 ,4.67 ,1,1,57.13,0.046511628,0,0.142857143,0.142857143,0.066666667,0.047619048,0,0.020069631,0.037609579,0.461640212,0,0.5,0.031847134,0.028272463,0.001294498,1,1,0.254714671
16,1,2,2,3,2,0,1231,1616,6.37,0,2,5,1423.50 ,126.33 ,1,1,71.87,0.065116279,1,0.285714286,0.285714286,0.066666667,0.047619048,0,0.008338075,0.012459426,0.461640212,0,1,0.031847134,0.010265489,0.03504392,1,1,0.615723733
15,0,4,2,10,4,0,293,473,6.37,38,1,14,383.00 ,83.67 ,1,1,82.45,0.060465116,0,0.571428571,0.285714286,0.222222222,0.095238095,0,0.001984611,0.003646849,0.461640212,0.019678923,0.5,0.089171975,0.002761983,0.023208507,1,1,0.874846926
15,1,1,2,0,1,0,4660,1499,6.37,0,2,1,3079.50 ,0.00 ,1,0,64.42,0.060465116,1,0.142857143,0.285714286,0,0.023809524,0,0.031564117,0.011557351,0.461640212,0,1,0.006369427,0.022207639,0,1,0,0.433259858
113,0,4,1,0,0,3,6305,9343,6.37,403,1,3,7824.00 ,402.33 ,0,1,76.23,0.51627907,0,0.571428571,0.142857143,0,0,0.375,0.042706386,0.072034911,0.461640212,0.208700155,0.5,0.01910828,0.056422331,0.111604253,0,1,0.72250796
10,0,0,0,0,0,0,317,218,-0.26,0,0,0,267.50 ,0.00 ,0,0,63.81,0.037209302,0,0,0,0,0,0,0.002147173,0.001680789,0.023148148,0,0,0,0.001929061,0,0,0,0.418319863
5,0,0,0,0,0,0,625,1053,-0.26,0,0,0,839.00 ,0.00 ,0,0,60.03,0.013953488,0,0,0,0,0,0,0.004233385,0.008118673,0.023148148,0,0,0,0.006050401,0,0,0,0.325740877
6,0,0,0,0,0,0,2399,5024,-0.26,0,0,1,3711.50 ,0.00 ,0,0,59.07,0.018604651,0,0,0,0,0,0,0.016249424,0.038735245,0.023148148,0,0,0.006369427,0.026765271,0,0,0,0.302228753
3,0,0,0,0,0,0,412,496,-0.26,0,0,0,454.00 ,0.00 ,0,0,53.66,0.004651163,0,0,0,0,0,0,0.002790647,0.00382418,0.023148148,0,0,0,0.003273995,0,0,0,0.169728141
5,0,0,0,0,0,0,3177,1149,3.74,0,0,1,2163.00 ,0.00 ,0,0,60.44,0.013953488,0,0,0,0,0,0,0.021519142,0.008858837,0.287698413,0,0,0.006369427,0.015598351,0,0,0,0.335782513
3,0,0,0,0,0,0,497,583,3.74,0,0,0,540.00 ,0.00 ,0,0,54.44,0.004651163,0,0,0,0,0,0,0.003366388,0.004494954,0.287698413,0,0,0,0.003894179,0,0,0,0.188831741
17,0,0,1,1,0,0,4057,2398,3.74,0,1,1,3227.50 ,0.00 ,1,0,71.01,0.069767442,0,0,0.142857143,0.022222222,0,0,0.027479747,0.018488678,0.287698413,0,0.5,0.006369427,0.023274933,0,1,0,0.594660789
6,0,0,0,0,0,0,618,3543,3.74,0,0,0,2080.50 ,0.00 ,0,0,54.26,0.018604651,0,0,0,0,0,0,0.004185971,0.027316675,0.287698413,0,0,0,0.015003407,0,0,0,0.184423218
16,0,0,0,0,0,0,7466,4445,3.74,0,0,0,5955.50 ,0.00 ,0,0,61.18,0.065116279,0,0,0,0,0,0,0.050570322,0.034271131,0.287698413,0,0,0,0.042947749,0,0,0,0.353906441
9,0,3,1,1,0,1,2430,2278,12.22,197,1,2,2354.00 ,200.67 ,1,1,75.73,0.03255814,0,0.428571429,0.142857143,0.022222222,0,0.125,0.0164594,0.017563473,0.848544974,0.102019679,0.5,0.012738854,0.016975737,0.05566343,1,1,0.710262062
12,0,3,1,0,0,1,2837,2790,8.08,0,1,1,2813.50 ,0.00 ,1,0,66.13,0.046511628,0,0.428571429,0.142857143,0,0,0.125,0.01921618,0.021511014,0.57473545,0,0.5,0.006369427,0.020289395,0,1,0,0.475140828
36,1,3,5,2,0,0,2919,2379,12.22,0,2,2,2649.00 ,57.00 ,1,1,69.47,0.158139535,1,0.428571429,0.714285714,0.044444444,0,0,0.0197716,0.018342187,0.848544974,0,1,0.012738854,0.019103113,0.015811373,1,1,0.556943424
10,0,1,0,0,0,0,2815,2189,12.22,0,0,0,2502.00 ,21.00 ,0,1,70.15,0.037209302,0,0.142857143,0,0,0,0,0.019067165,0.016877279,0.848544974,0,0,0,0.018043031,0.005825243,0,1,0.573597845
14,0,3,1,0,0,0,1336,2181,8.08,83,1,0,1758.50 ,54.67 ,1,1,74.12,0.055813953,0,0.428571429,0.142857143,0,0,0,0.009049283,0.016815599,0.57473545,0.04298291,0.5,0,0.012681323,0.015164124,1,1,0.670830272
28,0,6,0,0,0,1,5222,3188,6.37,139,0,1,4205.00 ,158.67 ,1,1,75.73,0.120930233,0,0.857142857,0,0,0,0.125,0.035370777,0.02457961,0.461640212,0.071983428,0,0.006369427,0.030324118,0.044012945,1,1,0.710262062
12,1,5,3,1,0,6,2814,3114,12.22,214,2,7,2964.00 ,219.00 ,1,1,72.56,0.046511628,1,0.714285714,0.428571429,0.022222222,0,0.75,0.019060392,0.024009067,0.848544974,0.110823408,1,0.044585987,0.021374717,0.06074896,1,1,0.632623071
4,0,3,1,2,4,0,330,438,11.84,5,0,6,384.00 ,22.00 ,0,1,64.12,0.009302326,0,0.428571429,0.142857143,0.044444444,0.095238095,0,0.002235227,0.003376998,0.823412698,0.002589332,0,0.038216561,0.002769194,0.006102635,0,1,0.425912319
80,0,3,1,3,4,8,1354,314,12.53,154,1,15,834.00 ,163.67 ,1,1,80.4,0.362790698,0,0.428571429,0.142857143,0.066666667,0.095238095,1,0.009171205,0.002420953,0.869047619,0.079751424,0.5,0.095541401,0.006014344,0.045399908,1,1,0.824638746
30,0,4,0,0,0,0,2558,3395,11.26,113,0,0,2976.50 ,37.67 ,1,1,72.33,0.130232558,0,0.571428571,0,0,0,0,0.017326397,0.026175588,0.78505291,0.058518902,0,0,0.02146486,0.010448451,1,1,0.626989958
3,0,0,0,0,0,0,0,0,0,0,0,0,0.00 ,0.00 ,0,0,60.21,0.004651163,0,0,0,0,0,0,0,0,0.040343915,0,0,0,0,0,0,0,0.3301494
11,0,0,0,0,0,0,0,0,0,0,0,0,0.00 ,0.00 ,0,0,60.21,0.041860465,0,0,0,0,0,0,0,0,0.040343915,0,0,0,0,0,0,0,0.3301494
26,1,5,2,6,0,0,3053,1859,6.47,60,2,6,2456.00 ,277.67 ,1,1,71.1,0.111627907,1,0.714285714,0.285714286,0.133333333,0,0,0.020679238,0.014332966,0.468253968,0.031071983,1,0.038216561,0.017711304,0.077022654,1,1,0.59686505
46,0,4,1,11,1,0,0,0,6.47,766,1,12,0.00 ,2755.67 ,1,1,67.86,0.204651163,0,0.571428571,0.142857143,0.244444444,0.023809524,0,0,0,0.468253968,0.396685655,0.5,0.076433121,0,0.764401294,1,1,0.517511634
12,0,4,1,2,0,0,0,0,6.47,1931,1,2,0.00 ,3116.67 ,1,1,71.85,0.046511628,0,0.571428571,0.142857143,0.044444444,0,0,0,0,0.468253968,1,0.5,0.012738854,0,0.864539991,1,1,0.615233897
8,0,2,1,1,0,0,921,1099,6.47,236,1,1,1010.00 ,258.00 ,1,1,66.24,0.027906977,0,0.285714286,0.142857143,0.022222222,0,0,0.006238316,0.008473335,0.468253968,0.122216468,0.5,0.006369427,0.007283558,0.071567268,1,1,0.477834925
32,0,4,3,0,0,0,1614,881,5.12,0,1,0,1247.50 ,0.00 ,1,0,64.29,0.139534884,0,0.571428571,0.428571429,0,0,0,0.010932293,0.006792546,0.378968254,0,0.5,0,0.008996275,0,1,0,0.430075925
2,0,0,0,0,0,0,1815,685,3.79,0,0,0,1250.00 ,0.00 ,0,0,55.47,0,0,0,0,0,0,0,0.012293749,0.005281378,0.291005291,0,0,0,0.009014304,0,0,0,0.21405829
3,0,0,0,0,0,0,1408,3075,3.79,0,0,0,2241.50 ,0.00 ,0,0,53.07,0.004651163,0,0,0,0,0,0,0.009536969,0.023708375,0.291005291,0,0,0,0.01616445,0,0,0,0.155277982
60,0,0,1,0,8,0,12730,9662,3.79,0,1,16,11196.00 ,0.00 ,0,0,69.56,0.269767442,0,0,0.142857143,0,0.19047619,0,0.086225582,0.074494414,0.291005291,0,0.5,0.101910828,0.080739317,0,0,0,0.559147686
3,0,0,0,0,0,0,900,1019,5.86,0,0,0,959.50 ,0.00 ,0,0,51.9,0.004651163,0,0,0,0,0,0,0.006096074,0.007856532,0.427910053,0,0,0,0.00691938,0,0,0,0.126622581
5,0,0,0,0,0,0,625,298,5.86,0,0,0,461.50 ,0.00 ,0,0,49.52,0.013953488,0,0,0,0,0,0,0.004233385,0.002297592,0.427910053,0,0,0,0.003328081,0,0,0,0.068332109
9,0,0,0,0,0,0,1248,2340,3.47,0,0,0,1794.00 ,0.00 ,0,0,60.96,0.03255814,0,0,0,0,0,0,0.008453223,0.018041495,0.26984127,0,0,0,0.012937329,0,0,0,0.348518246
3,0,0,0,0,0,0,4533,3770,4.59,0,0,0,4151.50 ,0.00 ,0,0,58.59,0.004651163,0,0,0,0,0,0,0.030703893,0.029066854,0.343915344,0,0,0,0.029938306,0,0,0,0.290472692
3,0,0,0,0,0,0,6469,2812,3.47,0,0,0,4640.50 ,0.00 ,0,0,58.49,0.004651163,0,0,0,0,0,0,0.043817226,0.021680635,0.26984127,0,0,0,0.033464702,0,0,0,0.288023512
8,0,0,0,0,0,0,289,1213,3.47,0,0,0,751.00 ,0.00 ,0,0,66.18,0.027906977,0,0,0,0,0,0,0.001957517,0.009352279,0.26984127,0,0,0,0.005415794,0,0,0,0.476365418
8,0,0,0,0,0,0,419,1083,3.47,0,0,0,751.00 ,0.00 ,0,0,58.14,0.027906977,0,0,0,0,0,0,0.002838061,0.008349974,0.26984127,0,0,0,0.005415794,0,0,0,0.279451384
10,0,0,0,0,0,0,2228,526,6.26,0,0,0,1377.00 ,0.00 ,0,0,68.41,0.037209302,0,0,0,0,0,0,0.01509117,0.004055481,0.454365079,0,0,0,0.009930157,0,0,0,0.530982121
15,0,0,0,0,0,0,1787,1218,6.26,0,0,0,1502.50 ,0.00 ,0,0,64.46,0.060465116,0,0,0,0,0,0,0.012104094,0.00939083,0.454365079,0,0,0,0.010835193,0,0,0,0.43423953
43,0,0,0,0,0,0,9707,6170,6.26,0,0,0,7938.50 ,0.00 ,0,0,67.5,0.190697674,0,0,0,0,0,0,0.065749546,0.047570952,0.454365079,0,0,0,0.057248041,0,0,0,0.508694587
15,0,3,1,2,0,0,2612,1758,6.26,0,1,3,2185.00 ,0.00 ,1,0,71.52,0.060465116,0,0.428571429,0.142857143,0.044444444,0,0,0.017692162,0.013554252,0.454365079,0,0.5,0.01910828,0.015757003,0,1,0,0.607151604
140,0,6,0,0,0,0,8103,8000,6.26,222,0,0,8051.50 ,269.33 ,1,1,70.35,0.641860465,0,0.857142857,0,0,0,0,0.054884987,0.061680326,0.454365079,0.114966339,0,0,0.058062934,0.074711049,1,1,0.578496204
18,0,2,0,0,0,0,4797,3809,6.26,0,0,0,4303.00 ,107.33 ,1,1,73.49,0.074418605,0,0.285714286,0,0,0,0,0.032492075,0.029367545,0.454365079,0,0,0,0.03103084,0.029773463,1,1,0.655400441
217,0,3,0,0,0,0,8684,7995,6.26,280,0,0,8339.50 ,308.00 ,1,1,76.72,1,0,0.428571429,0,0,0,0,0.058820342,0.061641776,0.454365079,0.145002589,0,0,0.06013983,0.085436893,1,1,0.73450894
110,0,5,0,0,0,0,5821,4974,6.26,309,0,0,5397.50 ,297.67 ,1,1,79.14,0.502325581,0,0.714285714,0,0,0,0,0.039428053,0.038349743,0.454365079,0.160020715,0,0,0.038923764,0.082570504,1,1,0.793779084
9,0,7,0,0,0,0,857,1028,6.26,0,0,0,942.50 ,0.00 ,0,0,69.87,0.03255814,0,1,0,0,0,0,0.005804817,0.007925922,0.454365079,0,0,0,0.006796785,0,0,0,0.566740142
2,0,0,0,0,0,0,0,0,0,0,0,0,0.00 ,0.00 ,0,0,49.66,0,0,0,0,0,0,0,0,0,0.040343915,0,0,0,0,0,0,0,0.07176096
13,0,0,0,0,0,0,960,940,5.65,0,0,0,950.00 ,0.00 ,0,0,66.29,0.051162791,0,0,0,0,0,0,0.006502479,0.007247438,0.414021164,0,0,0,0.006850871,0,0,0,0.479059515
18,0,0,0,0,0,0,1944,1411,5.65,0,0,0,1677.50 ,0.00 ,0,0,67.39,0.074418605,0,0,0,0,0,0,0.01316752,0.010878868,0.414021164,0,0,0,0.012097196,0,0,0,0.50600049
27,0,5,1,1,0,0,2769,2691,6.26,0,1,1,2730.00 ,438.00 ,1,1,75.26,0.11627907,0,0.714285714,0.142857143,0.022222222,0,0,0.018755588,0.02074772,0.454365079,0,0.5,0.006369427,0.01968724,0.12149792,1,1,0.698750918
90,0,3,1,1,0,0,4474,3466,5.65,0,1,1,3970.00 ,0.00 ,1,0,63.32,0.409302326,0,0.428571429,0.142857143,0.022222222,0,0,0.030304262,0.026723001,0.414021164,0,0.5,0.006369427,0.028629429,0,1,0,0.406318883
8,0,0,0,0,0,0,1670,1882,5.65,0,0,0,1776.00 ,0.00 ,0,0,66.08,0.027906977,0,0,0,0,0,0,0.011311604,0.014510297,0.414021164,0,0,0,0.012807523,0,0,0,0.473916238
16,0,5,0,0,0,0,2379,2218,8.19,156,0,0,2298.50 ,177.67 ,1,1,78.72,0.065116279,0,0.714285714,0,0,0,0,0.016113956,0.01710087,0.582010582,0.080787157,0,0,0.016575502,0.049283403,1,1,0.78349253
4,0,0,0,0,0,0,686,2864,8.19,0,0,0,1775.00 ,0.00 ,0,0,64.86,0.009302326,0,0,0,0,0,0,0.004646563,0.022081557,0.582010582,0,0,0,0.012800312,0,0,0,0.444036248
20,0,0,0,0,8,0,8137,3328,8.19,0,0,15,5732.50 ,0.00 ,0,0,62.91,0.08372093,0,0,0,0,0.19047619,0,0.055115284,0.025659016,0.582010582,0,0,0.095541401,0.041339598,0,0,0,0.396277247
13,0,2,0,0,0,0,4088,2078,4.59,0,0,0,3083.00 ,0.00 ,1,0,71.55,0.051162791,0,0.285714286,0,0,0,0,0.027689723,0.016021465,0.343915344,0,0,0,0.022232879,0,1,0,0.607886358
5,0,0,0,0,0,0,1232,2151,4.59,0,0,0,1691.50 ,0.00 ,0,0,63.42,0.013953488,0,0,0,0,0,0,0.008344848,0.016584298,0.343915344,0,0,0,0.012198156,0,0,0,0.408768063
7,0,2,0,0,0,0,1244,1766,4.59,0,0,0,1505.00 ,0.00 ,0,0,62.23,0.023255814,0,0.285714286,0,0,0,0,0.008426129,0.013615932,0.343915344,0,0,0,0.010853222,0,0,0,0.379622826
15,0,2,1,2,0,0,4232,1385,4.59,0,1,2,2808.50 ,51.67 ,1,1,69.68,0.060465116,0,0.285714286,0.142857143,0.044444444,0,0,0.028665095,0.010678406,0.343915344,0,0.5,0.012738854,0.020253338,0.014331946,1,1,0.562086701
40,0,0,0,0,0,0,2658,3066,4.59,0,0,0,2862.00 ,0.00 ,0,0,65.61,0.176744186,0,0,0,0,0,0,0.018003739,0.023638985,0.343915344,0,0,0,0.02063915,0,0,0,0.462405094
9,0,3,1,1,1,0,2037,1426,4.59,0,1,3,1731.50 ,32.00 ,1,1,78.24,0.03255814,0,0.428571429,0.142857143,0.022222222,0.023809524,0,0.013797448,0.010994518,0.343915344,0,0.5,0.01910828,0.012486614,0.00887656,1,1,0.771736468
4,0,0,0,0,0,0,304,785,2.52,0,0,0,544.50 ,0.00 ,0,0,58.2,0.009302326,0,0,0,0,0,0,0.002059118,0.006052382,0.207010582,0,0,0,0.003926631,0,0,0,0.280920892
7,0,0,0,0,1,0,1167,6,4.76,0,0,1,586.50 ,0.00 ,0,0,47.9,0.023255814,0,0,0,0,0.023809524,0,0.007904576,4.62602E-05,0.35515873,0,0,0.006369427,0.004229511,0,0,0,0.0286554
23,0,0,0,0,0,0,3892,2331,2.79,0,0,0,3111.50 ,0.00 ,0,0,59.92,0.097674419,0,0,0,0,0,0,0.026362134,0.017972105,0.224867725,0,0,0,0.022438405,0,0,0,0.323046779
