T_07,T_19,T_28,T_32,T_39,T_43,T_46,T_47,T_79,T_80,T_82,T_83,T_101,T_111,T_115,T_SC
0.6 ,2.64,5.04,17,15,0,1,1,9,0,7,5114.00 ,2.50 ,0,1,62.02
0.4 ,2.64,4.32,6,26,0,1,3,7,0,2,1056.50 ,3.50 ,0,1,65.66
0.6 ,3.52,4.32,13,30,0,4,0,5,0,2,2927.50 ,0.00 ,0,0,64.5
1.2 ,2.64,4.32,16,11,1,5,3,5,1,0,8456.00 ,107.50 ,1,1,66.35
0.4 ,0.88,4.32,6,23,0,1,2,8,0,0,5810.00 ,0.00 ,0,0,54.82
1.6 ,3.52,5.76,73,32,3,15,2,8,0,21,10601.50 ,62.50 ,1,1,82.24
1.0 ,1.76,4.32,11,29,4,2,0,8,1,1,5013.50 ,0.00 ,0,0,68.6
1.0 ,2.64,4.32,10,14,1,1,0,9,0,0,2334.50 ,0.00 ,0,0,56.67
0.4 ,2.64,4.32,9,17,0,1,5,8,0,0,1517.00 ,7.00 ,0,1,59.88
0.6 ,1.76,4.32,16,40,0,3,1,6,0,0,5264.50 ,13.50 ,0,1,65.36
1.2 ,3.52,4.32,139,16,2,8,3,4,1,97,72922.50 ,544.50 ,1,1,77.63
1.0 ,3.52,4.32,53,36,1,5,1,9,1,3,6592.50 ,40.00 ,0,1,71.29
0.4 ,2.64,4.32,10,6,0,1,2,9,1,1,14258.50 ,0.00 ,0,0,63.51
1.0 ,2.2,4.32,14,12,3,1,4,8,1,2,3513.00 ,41.50 ,0,1,60.58
1.0 ,3.52,4.32,5,11,4,2,4,8,0,6,666.00 ,6.50 ,0,1,67.08
0.4 ,1.76,4.32,20,11,0,2,0,9,0,0,20759.00 ,0.00 ,0,0,57.85
0.4 ,2.64,4.32,6,5,0,1,0,8,0,0,2893.50 ,0.00 ,0,0,56.05
0.4 ,0.88,4.32,8,9,0,1,1,7,0,0,7844.50 ,0.00 ,0,0,56.11
1.0 ,2.64,4.32,11,5,3,5,1,7,0,3,2209.00 ,30.00 ,0,1,63.17
1.4 ,2.64,4.32,10,31,3,5,3,7,1,6,7645.50 ,135.50 ,1,1,73.55
0.4 ,2.64,5.76,4,17,0,1,0,8,0,0,4572.00 ,0.00 ,0,0,62.9
0.6 ,1.76,4.32,4,6,0,2,1,9,0,0,4755.00 ,2.00 ,0,1,53.81
0.6 ,0.88,4.32,9,18,0,3,2,6,0,1,1405.50 ,0.00 ,0,0,60.11
1.0 ,2.64,4.32,25,19,0,2,4,7,1,2,1233.50 ,0.00 ,0,0,60.6
1.0 ,2.64,5.76,22,17,4,3,1,8,0,0,5106.50 ,185.50 ,0,1,68.2
0.4 ,1.76,4.32,14,4,0,1,0,7,0,0,6098.50 ,0.00 ,0,0,54.66
0.6 ,1.76,4.32,10,6,0,3,5,8,0,2,1748.50 ,0.00 ,0,0,56.85
0.4 ,1.76,2.88,12,14,0,1,0,7,0,1,681.50 ,0.00 ,0,0,52.59
0.4 ,2.64,4.32,12,34,0,2,1,9,0,0,638.00 ,0.00 ,0,0,67.92
1.8 ,2.64,4.32,80,31,4,5,1,9,0,1,36440.50 ,0.00 ,1,0,72.04
0.8 ,2.64,4.32,17,24,0,2,3,8,0,1,2271.50 ,0.00 ,0,0,64.9
1.2 ,3.52,4.32,87,23,2,7,1,9,0,29,23273.00 ,85.00 ,1,1,74.9
0.4 ,2.64,5.76,12,13,0,1,1,9,0,0,1227.00 ,0.00 ,0,0,60.31
1.4 ,3.52,5.76,62,22,3,18,6,8,1,61,17698.00 ,996.00 ,1,1,77.92
1.8 ,3.52,5.76,6,17,5,2,2,9,1,11,355.00 ,1.00 ,1,1,74.81
0.6 ,1.76,4.32,5,17,0,4,1,7,0,0,657.50 ,0.00 ,0,0,61.01
0.6 ,2.64,4.32,9,7,0,4,2,7,1,3,851.00 ,20.00 ,0,1,57.58
0.6 ,2.64,3.6,12,5,0,4,0,7,0,5,4847.00 ,0.00 ,0,0,52.16
1.8 ,2.64,4.32,79,34,5,6,2,8,1,9,12282.00 ,0.00 ,1,1,66.34
1.0 ,2.64,4.32,4,14,2,2,0,8,0,2,5094.00 ,91.50 ,0,1,58.56
1.0 ,2.64,4.32,40,25,3,2,3,9,1,5,5225.50 ,208.00 ,0,1,65.26
1.2 ,3.52,6.48,4,6,0,3,1,4,1,2,2262.50 ,0.00 ,1,0,63.08
0.4 ,1.76,4.32,7,25,0,1,0,8,0,1,1167.00 ,1.50 ,0,1,55.08
0.6 ,2.64,4.32,4,21,0,2,0,8,0,3,1922.50 ,0.00 ,0,0,63.05
0.4 ,2.64,4.32,5,19,0,1,0,6,0,0,1048.50 ,0.00 ,0,0,57.68
0.6 ,1.76,4.32,10,32,0,2,0,7,0,0,13734.50 ,0.00 ,0,1,61.35
0.4 ,1.76,4.32,28,32,0,1,0,9,0,0,5833.00 ,0.00 ,0,0,62.17
1.4 ,0.88,4.32,9,11,3,3,1,6,1,0,1183.00 ,0.00 ,1,0,51.26
0.4 ,2.64,4.32,15,33,0,1,0,8,0,0,1083.50 ,0.00 ,0,0,56.26
1.8 ,2.64,5.76,31,24,5,6,1,8,1,157,12523.00 ,227.50 ,1,1,73.04
0.4 ,1.76,4.32,7,17,0,1,0,3,0,0,1646.00 ,0.00 ,0,0,54.84
1.2 ,3.52,5.76,35,14,2,3,2,5,1,6,11334.50 ,158.50 ,1,1,72.48
1.2 ,3.52,5.76,9,9,0,4,0,6,0,1,6517.50 ,27.00 ,1,1,62.99
0.4 ,0.88,4.32,6,22,0,1,0,5,0,0,3508.50 ,0.00 ,0,0,51.21
0.4 ,2.64,4.32,33,34,0,1,0,8,0,1,2024.00 ,0.00 ,0,0,64.73
0.6 ,2.64,5.76,6,22,0,4,0,9,0,1,1562.50 ,0.00 ,0,0,62.27
0.4 ,1.76,4.32,3,26,0,1,0,8,0,0,3712.00 ,0.00 ,0,0,54.72
0.4 ,2.64,4.32,20,8,0,2,0,7,0,0,11104.50 ,0.00 ,0,0,55.08
1.0 ,1.76,4.32,54,24,3,11,0,6,0,0,138668.50 ,535.00 ,0,1,65.15
0.6 ,1.76,4.32,8,19,0,3,0,8,0,0,4876.00 ,0.00 ,0,0,51.59
0.4 ,2.64,4.32,10,17,0,2,0,6,0,0,3831.50 ,0.00 ,0,0,58.74
0.6 ,2.64,4.32,17,23,0,1,0,7,0,0,1625.50 ,0.00 ,0,0,59.04
0.4 ,2.64,4.32,6,17,0,1,0,7,0,1,2810.00 ,0.00 ,0,0,57.54
1.8 ,2.64,5.76,20,16,5,3,0,9,0,0,6748.50 ,0.00 ,1,0,62.56
0.6 ,1.76,4.32,3,18,0,1,0,8,0,0,2332.50 ,0.00 ,0,0,54.23
0.8 ,2.64,4.32,28,20,0,3,1,9,0,2,17957.50 ,0.00 ,0,0,60.34
1.2 ,2.64,5.76,65,25,6,4,0,8,0,3,88424.00 ,808.00 ,0,1,72.23
0.4 ,3.52,4.32,9,22,0,1,0,9,0,5,3443.50 ,0.00 ,0,0,62.52
0.6 ,2.64,4.32,7,28,0,2,0,7,0,7,1441.00 ,0.00 ,0,0,61.06
1.4 ,1.76,4.32,16,27,3,3,1,7,1,0,2368.00 ,455.00 ,1,1,63.82
0.2 ,2.2,4.32,8,15,0,0,0,7,0,3,274.50 ,0.00 ,0,1,49.55
0.4 ,2.64,4.32,4,14,0,1,0,5,0,0,3290.50 ,0.00 ,0,0,52.05
1.0 ,3.52,5.76,9,16,1,2,1,5,1,5,6209.00 ,34.00 ,0,1,62.64
1.2 ,2.64,5.76,17,24,0,12,1,4,1,4,11359.00 ,65.50 ,1,1,66.13
1.2 ,3.52,5.76,18,6,1,4,1,9,1,12,2285.50 ,0.00 ,1,0,59.32
1.0 ,3.52,4.32,10,5,3,2,2,8,0,5,1678.00 ,0.00 ,0,1,54.29
1.0 ,0.88,4.32,5,21,4,1,0,7,0,7,1798.00 ,86.00 ,0,1,56.29
1.0 ,3.52,5.76,8,42,1,6,1,9,1,25,3246.50 ,17.50 ,0,1,74.38
0.4 ,2.64,4.32,6,13,0,1,0,5,0,0,1193.00 ,0.00 ,0,0,53.63
0.4 ,2.64,4.32,7,16,0,1,2,6,0,0,1411.50 ,0.00 ,0,0,52.55
0.6 ,2.64,4.32,6,23,0,2,0,5,0,3,1878.00 ,0.00 ,0,0,60.35
0.4 ,2.64,4.32,16,16,0,1,0,9,0,0,2813.00 ,0.00 ,0,0,60.89
1.0 ,2.64,4.32,16,23,4,2,0,9,0,0,1887.00 ,0.00 ,0,0,53.31
1.2 ,2.64,5.76,46,30,2,4,5,7,1,4,7895.50 ,183.00 ,1,1,73.18
0.8 ,1.76,4.32,11,27,0,2,0,7,0,0,2271.50 ,0.00 ,0,0,62.37
0.8 ,2.64,4.32,6,20,0,2,0,8,0,1,1972.50 ,0.00 ,0,0,62.23
0.6 ,1.76,5.76,10,27,0,2,0,8,0,0,2967.00 ,0.00 ,0,0,65.75
1.8 ,2.64,4.32,24,11,5,4,0,9,0,11,29376.00 ,140.50 ,1,1,65.89
1.2 ,2.64,4.32,19,17,6,3,0,9,0,0,3725.50 ,14.00 ,0,1,60.58
1.8 ,2.64,2.88,3,23,6,3,0,9,0,0,1044.50 ,0.00 ,1,0,61.2
1.0 ,3.52,5.76,33,22,2,3,0,9,0,1,5933.00 ,71.50 ,0,1,72.36
1.8 ,2.64,5.76,22,24,4,3,0,8,0,3,5445.00 ,103.50 ,1,1,74.43
0.8 ,2.64,5.76,49,57,0,4,0,5,0,0,6109.00 ,111.00 ,0,1,70.75
0.4 ,1.76,4.32,5,4,0,1,0,7,0,0,5138.00 ,0.00 ,0,0,54.72
0.6 ,2.64,5.76,10,34,0,4,1,7,0,0,1287.50 ,73.00 ,0,1,70.37
1.8 ,3.52,5.76,13,6,4,4,2,9,1,1,3673.50 ,80.00 ,1,1,64.33
0.4 ,1.76,2.88,13,10,0,2,0,4,0,10,4669.00 ,318.00 ,0,1,50.53
1.8 ,3.52,5.76,31,21,6,5,4,8,1,22,719.50 ,276.00 ,1,1,80.86
1.4 ,2.64,5.76,50,14,4,5,2,7,1,0,7822.50 ,0.00 ,1,0,69.72
0.4 ,1.76,4.32,4,22,0,1,0,8,0,0,1955.50 ,0.00 ,0,0,60.36
1.2 ,2.64,4.32,28,12,2,5,2,6,1,2,5272.50 ,55.00 ,1,1,54.87
1.0 ,3.52,4.32,12,9,4,3,2,6,1,3,4693.00 ,48.50 ,0,1,57.04
0.4 ,1.76,4.32,11,27,0,2,0,6,0,0,4913.50 ,0.00 ,0,0,60.84
0.4 ,0.88,4.32,9,4,0,2,0,6,0,0,4362.00 ,0.00 ,0,0,50.4
0.6 ,2.64,5.76,9,46,0,1,0,7,0,1,6664.50 ,0.00 ,0,0,64.86
0.6 ,2.64,5.76,4,28,0,3,0,6,0,3,615.50 ,142.50 ,0,1,59.92
1.8 ,1.76,5.76,17,8,5,4,1,8,1,27,3523.50 ,455.50 ,1,1,64.1
1.4 ,4.4,5.76,207,20,3,14,3,5,1,47,53316.50 ,234.00 ,1,1,85.55
0.8 ,2.64,4.32,4,27,0,2,0,8,0,0,909.50 ,0.00 ,0,0,63.66
0.6 ,2.64,4.32,7,2,0,2,0,12,0,0,0.00 ,67.50 ,0,1,62.3
1.8 ,3.52,5.76,11,12,5,2,2,8,1,2,1711.00 ,60.00 ,1,1,70
0.4 ,1.76,4.32,4,3,0,1,0,6,0,1,81.00 ,0.00 ,0,0,52.71
1.4 ,3.52,4.32,174,32,3,1,4,9,1,35,88294.00 ,253.50 ,1,1,73.1
0.4 ,2.64,4.32,7,10,0,1,0,6,0,0,378.00 ,0.00 ,0,0,58.69
1.2 ,1.76,4.32,5,25,5,1,0,9,0,0,908.50 ,0.00 ,0,1,63.69
0.8 ,2.64,4.32,14,9,0,2,0,9,0,3,1386.00 ,199.50 ,0,1,57.17
1.4 ,2.64,4.32,76,5,4,11,1,7,1,5,31557.50 ,58.00 ,1,1,64.27
0.2 ,1.76,4.32,6,20,0,0,0,7,0,0,929.50 ,0.00 ,0,0,52.95
0.4 ,2.64,4.32,10,20,0,2,0,9,0,1,4641.50 ,0.00 ,0,0,64.2
0.4 ,0.88,2.88,12,27,0,1,0,9,0,0,2335.00 ,0.00 ,0,0,52.47
0.4 ,2.64,4.32,5,12,0,1,0,9,0,0,1952.00 ,0.00 ,0,0,57.11
1.8 ,2.64,5.76,12,16,4,3,1,7,1,0,3254.50 ,0.00 ,1,1,65.99
1.2 ,3.52,5.76,27,36,1,5,4,6,1,12,3070.50 ,0.00 ,1,0,76.03
0.8 ,2.64,4.32,13,16,0,4,1,9,0,1,7068.00 ,0.00 ,0,0,63.34
1.0 ,2.64,4.32,6,4,3,2,0,7,0,0,1077.50 ,12.50 ,0,1,58.88
1.8 ,3.52,4.32,13,20,5,3,2,9,0,2,3085.00 ,0.00 ,1,0,74.65
1.8 ,4.4,4.32,6,28,5,3,1,9,1,3,261.50 ,0.00 ,1,0,75.35
1.2 ,4.4,5.76,24,5,2,12,1,7,1,2,21.00 ,101.00 ,1,1,74.17
1.8 ,3.52,4.32,54,5,5,46,1,8,1,6,1.00 ,5146.50 ,1,1,69.14
0.4 ,2.64,4.32,4,7,0,1,0,7,1,8,1958.50 ,0.00 ,0,0,59.92
1.4 ,4.4,5.76,25,21,4,8,3,9,1,9,2797.00 ,287.00 ,1,1,82.28
1.2 ,3.52,4.32,20,19,2,4,4,6,0,4,7958.00 ,2.50 ,1,1,67.35
1.0 ,2.64,4.32,8,17,3,2,0,8,0,0,4425.50 ,116.50 ,0,1,65.91
0.6 ,1.76,4.32,7,22,0,2,0,8,0,0,1142.50 ,0.00 ,0,0,59.94
0.4 ,1.76,3.6,5,5,0,1,0,7,0,0,10941.50 ,0.00 ,0,0,50.44
0.8 ,2.64,4.32,5,26,0,2,0,3,0,1,2584.00 ,0.00 ,0,0,73.05
1.4 ,2.64,4.32,6,21,3,1,0,7,0,1,1840.50 ,0.00 ,1,0,57.5
0.4 ,2.64,4.32,67,27,0,4,0,8,0,0,16462.00 ,0.00 ,0,0,63.65
0.4 ,1.76,2.88,24,32,0,2,0,8,0,0,6239.50 ,0.00 ,0,0,56.91
1.0 ,2.64,4.32,4,23,3,2,1,8,1,5,873.00 ,28.50 ,0,1,63.66
0.4 ,1.76,4.32,2,1,0,1,0,3,0,0,2098.50 ,0.00 ,0,0,51.95
1.0 ,2.64,4.32,8,25,3,2,0,6,0,0,4333.50 ,0.00 ,0,0,62.04
1.4 ,1.76,4.32,10,16,4,2,1,7,1,6,2255.00 ,35.00 ,1,1,54.66
1.2 ,2.64,5.76,22,32,2,4,3,6,0,4,9708.00 ,136.50 ,1,1,78.05
1.2 ,2.64,4.32,8,11,2,2,1,6,1,0,1252.00 ,35.50 ,1,1,62.76
0.4 ,2.64,4.32,3,10,0,1,0,8,0,1,42.50 ,0.00 ,0,0,52.67
0.6 ,1.76,4.32,6,8,0,3,0,6,0,0,2802.00 ,0.00 ,0,0,55.02
1.4 ,2.64,4.32,24,23,4,2,2,7,1,6,14273.00 ,0.00 ,1,0,60.39
1.8 ,2.64,5.76,13,22,4,2,1,9,1,3,731.00 ,96.50 ,1,1,68.21
0.4 ,2.64,4.32,11,30,0,1,0,4,0,3,3748.50 ,0.00 ,0,0,60.38
0.6 ,2.64,5.76,6,14,0,2,0,7,0,1,1819.00 ,0.00 ,0,0,59.12
0.4 ,2.64,4.32,26,11,0,1,0,8,0,0,2926.50 ,0.00 ,0,0,57.22
0.4 ,2.2,5.04,5,9,0,2,0,9,0,0,876.50 ,0.00 ,0,0,58.22
1.2 ,1.76,4.32,28,34,2,5,0,6,0,0,8242.00 ,0.00 ,1,0,68.89
1.0 ,3.52,5.76,10,10,0,2,1,5,1,6,776.50 ,0.00 ,0,0,58.35
0.4 ,1.76,4.32,9,6,0,1,1,7,0,0,3666.00 ,1.50 ,0,1,52.13
0.4 ,2.64,4.32,7,29,0,1,0,7,0,0,1283.00 ,0.00 ,0,0,56.68
1.0 ,3.52,5.76,101,9,1,6,0,7,0,0,38914.00 ,0.00 ,0,1,61.86
0.6 ,4.4,5.76,10,19,0,5,0,7,0,5,3800.00 ,0.00 ,0,0,72.69
1.0 ,3.52,5.76,12,10,3,3,3,7,0,5,2449.00 ,28.00 ,0,1,62.99
1.0 ,3.52,4.32,27,20,4,4,0,8,0,3,1406.50 ,2.50 ,0,1,65.01
0.4 ,2.64,4.32,19,21,0,2,0,6,0,0,2674.50 ,0.00 ,0,0,62.08
0.4 ,1.76,4.32,5,22,0,1,0,6,0,0,4159.00 ,0.00 ,0,0,57.18
0.6 ,2.64,4.32,13,26,0,2,0,7,0,1,1230.50 ,0.00 ,0,0,63.75
0.6 ,2.64,5.76,9,7,0,2,4,9,0,0,6229.00 ,15.50 ,0,1,62.95
1.2 ,3.52,5.76,142,30,2,7,4,8,0,2,96900.50 ,218.00 ,1,1,75.86
0.6 ,2.64,4.32,7,32,0,5,0,9,0,0,3121.50 ,0.00 ,0,0,68.14
0.6 ,2.64,6.48,4,20,0,1,0,5,0,0,1046.00 ,0.00 ,0,0,64.49
1.2 ,3.52,4.32,15,39,6,3,2,9,1,2,3461.50 ,46.50 ,0,1,68.99
0.8 ,1.76,4.32,6,32,0,2,0,7,0,0,1841.50 ,0.00 ,0,0,58.91
0.4 ,1.76,4.32,5,12,0,1,3,9,0,1,2542.00 ,0.00 ,0,0,52.6
0.4 ,2.64,4.32,12,12,0,1,1,8,0,0,8740.00 ,0.00 ,0,0,60.45
0.6 ,2.64,5.76,8,16,0,3,0,8,0,0,7230.50 ,0.00 ,0,0,61.57
0.4 ,2.64,4.32,8,40,0,2,0,7,0,0,2304.50 ,0.00 ,0,0,61.72
0.4 ,3.08,5.76,32,31,0,2,0,5,0,1,33299.50 ,0.00 ,0,0,72.09
1.0 ,2.64,4.32,14,29,2,1,0,8,0,1,5262.00 ,46.50 ,0,1,58.73
1.0 ,3.52,5.76,3,17,2,2,0,7,0,2,337.00 ,0.00 ,0,0,70.43
0.4 ,2.64,4.32,6,26,0,1,0,8,0,0,1277.50 ,0.00 ,0,0,58.53
0.8 ,2.64,4.32,11,28,0,4,0,6,0,0,1487.50 ,0.00 ,0,0,62.47
0.4 ,2.64,4.32,17,26,0,1,0,8,0,0,1989.50 ,0.00 ,0,0,57.96
0.4 ,1.76,4.32,9,29,0,1,1,5,0,0,3077.00 ,0.00 ,0,0,67.09
1.0 ,2.64,4.32,6,23,0,1,2,8,1,1,986.50 ,49.50 ,0,1,61.35
0.6 ,1.76,5.76,10,23,0,2,0,6,0,0,3353.00 ,0.00 ,0,0,60.77
0.4 ,2.64,4.32,6,32,0,1,0,5,0,0,1924.00 ,0.00 ,0,0,58.17
0.4 ,0.88,4.32,11,9,0,4,1,5,0,0,6971.50 ,0.00 ,0,0,53.03
1.2 ,2.64,5.76,12,15,0,4,0,6,0,0,2066.50 ,0.00 ,1,0,66.98
0.6 ,2.64,4.32,13,29,0,1,0,5,0,0,1348.00 ,0.00 ,0,0,63.43
1.4 ,3.52,4.32,4,3,3,3,2,6,1,9,621.50 ,53.50 ,1,1,59.61
0.6 ,3.52,4.32,16,44,0,2,0,7,0,1,1538.00 ,0.00 ,0,0,67.78
0.4 ,0.88,4.32,7,24,0,1,0,7,0,0,1728.00 ,0.00 ,0,0,58.05
1.2 ,2.64,4.32,21,41,2,4,2,5,1,2,4240.50 ,19.50 ,1,1,67.98
1.4 ,3.52,5.76,17,33,4,6,3,7,0,1,6536.00 ,0.00 ,1,0,72.62
1.0 ,2.64,4.32,16,17,4,1,2,8,1,9,6502.50 ,3.00 ,0,1,58.96
0.8 ,3.52,5.76,32,20,0,4,4,5,1,2,5153.00 ,35.50 ,0,1,70.82
0.4 ,2.64,4.32,5,34,0,1,0,8,0,0,776.50 ,0.00 ,0,0,65.48
0.8 ,3.52,4.32,9,19,0,4,1,8,1,9,4884.00 ,11.00 ,0,1,65.45
0.4 ,2.64,4.32,5,36,0,1,0,7,0,0,683.50 ,0.50 ,0,1,67.48
0.4 ,1.76,4.32,22,37,0,1,1,8,0,0,3539.50 ,0.00 ,0,0,66.21
0.6 ,2.64,4.32,5,27,0,2,0,6,0,0,260.00 ,22.00 ,0,1,66.09
1.0 ,3.52,4.32,8,34,0,4,1,9,1,2,2061.50 ,7.00 ,0,1,72.89
0.6 ,3.52,4.32,6,28,0,2,0,6,0,1,845.50 ,0.00 ,0,0,65.89
0.8 ,2.64,4.32,29,19,0,4,4,6,1,2,4855.50 ,32.00 ,0,1,63.18
0.4 ,1.76,4.32,8,22,0,2,0,6,0,0,1172.50 ,0.00 ,0,0,63.41
1.0 ,2.64,5.76,16,16,1,5,0,8,0,0,5897.50 ,113.50 ,0,1,70.06
0.4 ,2.64,4.32,11,29,0,1,0,8,0,0,1549.50 ,0.00 ,0,0,68.22
1.0 ,3.52,4.32,30,30,1,3,1,7,1,1,7759.00 ,0.00 ,0,0,64.1
0.8 ,3.52,5.76,15,26,0,3,3,8,1,11,3416.00 ,0.00 ,0,0,73.09
0.4 ,2.64,4.32,8,26,0,2,0,7,0,0,1258.00 ,0.00 ,0,0,67.01
1.0 ,3.52,5.76,28,11,0,5,4,5,1,2,5258.00 ,0.00 ,0,0,66.7
1.2 ,3.52,4.32,99,27,7,6,4,6,1,1,73568.50 ,14.00 ,0,1,75.38
1.0 ,3.08,4.32,6,18,1,2,0,6,0,1,1695.50 ,2.50 ,0,1,65.55
1.2 ,3.52,4.32,34,24,1,4,0,7,0,1,4030.50 ,0.00 ,1,0,73.02
1.0 ,4.4,5.76,11,16,3,4,1,8,1,7,2924.50 ,92.50 ,0,1,76.52
0.8 ,2.64,5.76,9,18,0,7,0,8,0,0,661.50 ,0.00 ,0,0,63.05
1.0 ,2.64,4.32,16,26,1,1,0,8,0,0,2159.50 ,45.50 ,0,1,59.96
1.2 ,3.52,5.76,17,18,2,5,4,7,1,9,4157.50 ,68.50 ,1,1,70.33
0.4 ,3.52,5.76,10,10,0,1,4,6,1,6,44348.50 ,193.00 ,0,1,65.81
0.4 ,2.64,4.32,9,17,0,1,0,7,0,0,5086.50 ,0.00 ,0,0,65.25
1.0 ,2.64,4.32,6,13,2,1,1,5,1,1,591.50 ,0.00 ,0,0,57.55
1.4 ,3.52,4.32,9,26,3,3,3,7,1,2,2124.00 ,161.50 ,1,1,69.99
1.4 ,2.64,5.76,6,23,4,3,1,8,1,2,1512.50 ,0.00 ,1,0,64.74
0.8 ,2.64,4.32,5,20,0,2,0,7,0,2,3923.00 ,0.00 ,0,0,62.07
0.4 ,2.64,4.32,24,30,0,2,0,8,0,1,7884.50 ,0.00 ,0,1,67.29
1.8 ,3.52,4.32,3,24,5,1,0,9,0,1,1151.00 ,156.00 ,1,1,60.85
0.6 ,2.64,4.32,11,22,0,2,0,7,0,0,951.50 ,0.00 ,0,0,62.25
0.4 ,2.64,4.32,20,27,0,1,0,7,0,0,3217.50 ,0.00 ,0,0,65.19
1.2 ,1.76,4.32,9,17,6,2,0,8,0,0,1438.00 ,122.00 ,0,1,64.58
1.8 ,3.52,4.32,10,17,6,5,4,8,0,0,2572.50 ,211.00 ,1,1,67.03
1.2 ,3.52,5.76,12,21,2,7,1,5,1,3,1991.50 ,210.00 ,1,1,75.15
1.2 ,2.64,4.32,6,7,0,1,1,5,1,2,3094.50 ,0.00 ,1,0,57.86
1.4 ,2.64,4.32,20,25,3,6,1,6,1,2,5687.50 ,291.00 ,1,1,63.73
0.6 ,2.64,4.32,45,36,0,2,0,6,0,0,5457.50 ,0.00 ,0,0,62.37
1.0 ,3.52,4.32,7,21,3,4,0,9,0,5,680.50 ,0.00 ,0,0,63.44
0.6 ,2.64,5.76,10,21,0,3,0,8,0,0,2190.50 ,0.00 ,0,0,64.34
0.6 ,2.64,4.32,26,16,0,5,0,7,0,0,10733.00 ,2.50 ,0,1,54.41
1.4 ,3.52,5.76,30,28,3,4,1,8,1,8,2418.50 ,0.00 ,1,1,77.16
1.2 ,3.52,5.76,23,28,2,4,0,7,0,1,4159.00 ,555.50 ,1,1,79.64
1.2 ,3.52,4.32,5,7,1,3,6,7,1,7,737.50 ,93.00 ,1,1,64.49
0.6 ,2.64,4.32,5,18,0,3,0,8,0,0,665.50 ,0.00 ,0,0,65.44
1.8 ,3.52,5.76,9,23,5,3,2,8,1,2,486.50 ,218.00 ,1,1,74.62
1.8 ,2.64,5.76,19,13,4,2,3,8,1,1,1230.00 ,6.50 ,1,1,63.62
1.2 ,3.52,5.76,26,27,1,5,2,3,1,8,13661.50 ,74.50 ,1,1,77.73
1.0 ,2.64,4.32,7,4,2,3,0,8,0,1,4910.50 ,56.00 ,0,1,55.43
0.4 ,2.64,5.76,19,13,0,2,0,7,0,0,5601.50 ,0.00 ,0,0,64.21
0.6 ,2.64,4.32,7,8,0,4,0,8,0,0,714.00 ,0.00 ,0,0,57.36
0.4 ,2.64,4.32,5,26,0,1,0,8,0,0,1177.00 ,0.00 ,0,0,62.48
1.8 ,3.52,4.32,14,25,5,3,1,8,1,1,2469.00 ,143.00 ,1,1,69.36
1.8 ,3.52,4.32,29,17,4,8,2,8,1,18,10456.50 ,1137.00 ,1,1,68.99
1.4 ,2.64,4.32,12,17,3,5,0,7,0,2,3159.50 ,150.50 ,1,1,64.72
1.2 ,2.64,5.76,20,33,2,3,0,6,0,0,4969.00 ,73.00 ,1,1,68.58
1.0 ,2.2,4.32,60,29,2,4,4,8,1,0,17366.00 ,110.00 ,0,1,68.67
1.4 ,2.64,5.76,15,19,3,3,1,7,1,1,5834.50 ,166.50 ,1,1,72.97
0.8 ,1.76,2.88,7,9,0,3,1,7,1,0,868.50 ,35.00 ,0,1,56.19
0.4 ,3.52,4.32,5,13,0,1,0,8,0,10,3226.50 ,0.00 ,0,1,54.27
1.2 ,3.52,4.32,5,21,2,2,1,6,1,8,1133.50 ,45.00 ,1,1,61.95
0.6 ,2.64,4.32,5,26,0,2,0,4,0,0,622.50 ,0.00 ,0,0,61.89
1.4 ,2.2,5.76,15,12,3,3,4,7,1,1,10100.50 ,117.50 ,1,1,69.69
1.8 ,3.52,5.76,17,23,4,7,1,8,1,19,233.00 ,230.00 ,1,1,72.1
0.6 ,2.64,5.76,2,21,0,1,5,8,0,34,448.00 ,0.00 ,0,0,68.44
0.8 ,2.64,5.76,13,21,0,2,0,8,0,0,3218.00 ,0.00 ,0,0,64.46
1.8 ,3.52,5.76,36,23,5,17,4,7,1,8,397.00 ,383.00 ,1,1,87.56
1.0 ,2.64,4.32,19,15,2,3,0,8,0,5,4672.00 ,21.00 ,0,1,63.44
1.0 ,1.76,4.32,8,15,1,2,0,7,0,0,3059.50 ,0.00 ,0,0,58.08
0.8 ,2.64,4.32,7,25,0,3,0,6,0,1,1815.50 ,0.00 ,0,0,65.03
0.4 ,1.76,4.32,12,5,0,1,1,7,1,0,1557.50 ,0.00 ,0,0,51.83
1.0 ,2.64,4.32,16,11,2,3,3,7,1,9,4682.50 ,0.00 ,0,0,63.04
1.0 ,2.64,4.32,9,2,2,1,0,9,0,1,751.50 ,0.00 ,0,0,54.32
1.4 ,3.52,4.32,27,17,4,3,4,8,1,13,10681.00 ,167.00 ,1,1,65.37
0.6 ,3.52,4.32,41,35,0,2,1,9,1,6,7420.00 ,0.50 ,0,1,69
1.0 ,2.64,4.32,25,5,0,2,1,5,1,0,1773.50 ,0.00 ,0,0,52.81
1.0 ,2.64,4.32,15,27,0,2,1,8,1,0,4532.00 ,0.00 ,0,0,69.62
1.4 ,2.64,5.76,10,25,3,5,0,7,0,0,1023.50 ,0.00 ,1,0,66.37
1.8 ,3.52,4.32,12,21,4,3,2,9,1,5,1184.00 ,37.50 ,1,1,68.72
1.0 ,3.52,4.32,7,14,0,4,2,8,1,7,1212.50 ,0.00 ,0,0,65.36
1.2 ,2.64,4.32,4,20,5,2,0,9,0,8,1285.00 ,10.00 ,0,1,71.23
1.4 ,3.52,5.76,15,26,3,3,2,7,1,13,4904.50 ,179.00 ,1,1,78.4
1.2 ,2.64,4.32,5,37,7,2,1,7,0,0,381.50 ,0.00 ,0,0,65.36
1.2 ,2.64,5.04,8,20,2,2,1,8,1,13,896.00 ,36.00 ,1,1,66.96
1.0 ,2.64,5.76,6,38,4,2,0,7,0,2,2507.00 ,0.00 ,0,0,68.93
0.4 ,2.64,4.32,5,30,0,1,0,6,0,0,457.50 ,0.00 ,0,0,58.21
0.8 ,2.64,4.32,6,37,0,1,0,6,0,0,1146.00 ,0.00 ,0,0,63.12
1.2 ,2.64,5.76,7,41,2,2,2,6,1,2,12401.50 ,16.00 ,1,1,70.56
1.4 ,4.4,5.76,10,12,3,4,1,5,1,5,2326.00 ,123.00 ,1,1,75.86
1.8 ,3.52,5.76,7,12,5,3,2,8,1,7,2756.50 ,284.00 ,1,1,73.16
1.2 ,2.64,5.76,14,26,0,3,3,8,1,1,2921.50 ,158.50 ,1,1,76.57
0.4 ,1.76,4.32,14,28,0,1,0,5,0,0,3066.00 ,15.50 ,0,1,57.22
0.4 ,1.76,4.32,10,35,0,2,2,5,0,0,1538.00 ,0.00 ,0,0,61.48
1.0 ,2.64,5.76,10,12,3,4,0,7,0,5,3816.50 ,23.00 ,0,1,57.67
0.4 ,2.64,4.32,6,47,0,1,0,8,0,0,858.50 ,0.00 ,0,0,60.48
0.8 ,2.64,4.32,11,24,0,5,0,6,0,2,1517.00 ,0.00 ,0,0,63.25
1.0 ,2.64,4.32,12,20,0,3,0,5,0,2,2892.00 ,0.00 ,0,0,61.99
1.2 ,3.52,4.32,11,28,1,3,3,3,1,3,1120.00 ,114.50 ,1,1,72.52
0.8 ,2.64,5.76,11,14,0,6,2,8,1,0,6326.50 ,52.00 ,0,1,62.59
1.0 ,2.64,4.32,4,15,4,3,1,8,1,0,744.00 ,27.50 ,0,1,68.33
1.2 ,1.76,4.32,18,19,1,5,2,6,0,0,5935.00 ,171.50 ,1,1,57.17
0.6 ,3.52,4.32,4,27,0,2,1,7,1,0,1124.50 ,0.00 ,0,0,65.1
1.8 ,3.52,5.76,9,18,4,2,2,8,1,2,1162.00 ,55.50 ,1,1,72.37
0.4 ,3.52,4.32,4,24,0,1,0,7,0,2,2520.00 ,85.50 ,0,1,66.6
0.4 ,1.32,3.6,7,33,0,1,0,9,0,0,1397.00 ,0.00 ,0,0,58.14
1.0 ,1.76,5.76,12,27,3,2,0,7,0,0,4399.50 ,99.00 ,0,1,63.95
0.8 ,3.52,4.32,10,16,0,5,0,7,0,3,6716.00 ,11.00 ,0,1,64.54
1.0 ,1.76,4.32,4,19,3,1,0,6,0,0,1314.50 ,33.50 ,0,1,58.06
0.4 ,2.64,4.32,3,24,0,1,0,8,0,0,539.00 ,0.00 ,0,1,62.36
1.8 ,2.64,4.32,12,17,4,4,0,7,0,0,4801.50 ,147.50 ,1,1,61.07
1.2 ,2.64,4.32,6,14,6,2,0,9,0,0,2043.00 ,0.00 ,0,0,55.61
1.0 ,2.64,4.32,5,28,1,2,0,7,0,1,2791.00 ,0.00 ,0,0,63.27
1.0 ,3.52,4.32,16,22,4,7,1,8,1,1,3362.50 ,172.50 ,0,1,69.58
1.8 ,3.52,4.32,13,6,4,4,1,8,1,12,85.00 ,144.00 ,1,1,67.84
0.4 ,1.76,4.32,8,11,0,1,0,8,0,0,1991.50 ,0.00 ,0,0,60.54
1.2 ,3.52,4.32,8,21,1,2,0,9,0,1,2281.50 ,63.00 ,1,1,71.05
1.2 ,2.64,4.32,11,22,2,5,2,7,1,4,1708.00 ,0.50 ,1,1,66
0.8 ,2.64,4.32,11,27,0,2,2,8,0,0,3876.50 ,0.00 ,0,0,60.49
1.2 ,2.64,4.32,5,20,0,2,2,9,1,5,1677.50 ,2.50 ,1,1,66.71
1.0 ,2.64,5.76,23,16,0,4,2,5,1,6,5039.00 ,0.00 ,0,0,59.04
0.8 ,1.76,4.32,4,20,0,3,0,8,0,0,3565.00 ,24.00 ,0,1,57.95
1.8 ,3.52,4.32,10,24,5,7,3,8,1,8,3459.50 ,3.00 ,1,1,67.09
1.8 ,4.4,5.76,68,22,4,7,2,7,1,16,7777.00 ,146.00 ,1,1,77.59
1.4 ,2.64,4.32,10,5,4,6,1,8,1,5,5736.00 ,119.50 ,1,1,60.39
1.2 ,2.64,4.32,9,29,1,3,1,9,1,8,3959.50 ,0.00 ,1,0,67.25
1.2 ,2.64,4.32,7,13,2,3,2,6,1,4,2682.50 ,0.00 ,1,0,64.27
1.0 ,3.52,4.32,9,22,4,4,1,9,1,1,1482.50 ,8.50 ,0,1,66.98
0.4 ,2.64,4.32,7,27,0,2,0,9,0,0,885.00 ,0.00 ,0,0,61.67
0.6 ,2.64,4.32,10,34,0,3,1,9,1,0,2491.00 ,49.50 ,0,1,60.69
1.2 ,3.52,4.32,12,10,1,3,2,6,1,3,1878.00 ,87.50 ,1,1,68.66
1.2 ,2.64,5.76,15,14,2,5,2,9,1,6,2339.50 ,229.50 ,1,1,68.38
1.8 ,3.52,5.76,73,25,6,7,4,8,1,10,13132.50 ,21.00 ,1,1,74.32
0.8 ,3.52,5.76,10,27,0,6,0,7,0,1,9823.00 ,0.00 ,0,0,68.93
0.4 ,2.64,4.32,10,18,0,1,1,9,0,0,7313.00 ,0.00 ,0,0,60.25
1.0 ,3.52,5.76,10,11,1,3,3,6,0,1,1382.50 ,56.50 ,0,1,68.88
1.0 ,3.52,4.32,6,10,3,2,0,7,0,0,2027.00 ,0.00 ,0,0,53.58
1.2 ,3.52,5.76,11,8,5,3,1,7,1,8,2424.00 ,14.50 ,0,1,64.17
0.4 ,2.64,4.32,49,7,0,5,2,6,1,0,4804.00 ,12.50 ,0,1,59.34
0.4 ,2.64,4.32,5,30,0,1,1,8,0,0,1424.50 ,0.00 ,0,0,63.78
1.0 ,3.52,4.32,31,15,0,4,3,6,1,1,4046.00 ,0.00 ,0,0,68.62
1.8 ,2.64,4.32,32,22,5,4,2,8,1,0,4092.00 ,46.50 ,1,1,68.37
1.2 ,2.64,4.32,5,21,0,1,2,7,1,1,2283.00 ,0.00 ,1,0,61.06
0.6 ,1.76,4.32,13,8,0,3,2,6,0,0,1696.00 ,0.00 ,0,0,54.68
1.4 ,2.64,4.32,16,11,3,4,2,8,1,4,1317.50 ,108.00 ,1,1,60.13
0.6 ,2.64,4.32,14,10,0,2,1,9,1,0,15711.00 ,0.00 ,0,1,61.72
0.6 ,1.76,4.32,2,1,0,1,0,9,0,0,1891.00 ,46.50 ,0,1,58.56
1.4 ,3.52,4.32,23,10,3,5,1,5,1,8,1830.00 ,0.00 ,1,0,70.46
1.2 ,2.64,4.32,27,18,6,4,0,5,0,0,5598.00 ,22.50 ,0,1,63.56
0.4 ,2.64,4.32,4,32,0,1,0,3,0,0,615.50 ,0.00 ,0,0,61.81
1.0 ,2.64,4.32,12,6,2,3,2,8,1,4,2940.50 ,16.00 ,0,1,63.87
1.0 ,2.64,4.32,15,14,2,2,2,6,1,2,1554.50 ,37.00 ,0,1,60.8
0.6 ,2.64,4.32,16,18,0,2,0,8,0,6,3669.50 ,0.00 ,0,0,59.57
1.2 ,2.64,5.76,153,13,2,5,1,5,1,56,12969.50 ,100.50 ,1,1,71.38
1.0 ,3.52,4.32,22,49,0,3,0,6,0,2,2493.00 ,5.50 ,0,1,68.76
0.4 ,1.76,4.32,5,23,0,1,0,8,0,0,2303.00 ,0.00 ,0,0,59.26
1.2 ,4.4,5.76,19,17,0,2,4,9,1,9,5082.00 ,0.00 ,1,0,71.83
0.4 ,2.64,4.32,13,39,0,1,0,5,0,0,1620.50 ,0.00 ,0,0,70.92
0.4 ,2.64,5.76,20,19,0,2,0,9,0,0,3080.50 ,0.00 ,0,0,59.16
1.8 ,2.64,4.32,50,34,6,3,0,8,0,10,7013.00 ,0.00 ,1,0,72.26
0.4 ,3.52,4.32,9,3,0,2,0,5,0,2,2396.50 ,6.50 ,0,1,59.46
1.4 ,2.64,4.32,17,26,3,3,3,7,1,12,4175.50 ,83.50 ,1,1,70.71
0.8 ,3.52,4.32,16,19,0,6,0,9,0,1,2489.00 ,0.00 ,0,0,67.86
1.0 ,2.64,4.32,15,29,1,4,3,6,1,24,9802.00 ,9.00 ,0,1,65.75
0.6 ,2.64,4.32,25,18,0,2,0,8,0,0,5119.00 ,0.00 ,0,0,61.86
1.0 ,1.76,4.32,8,10,4,2,0,7,0,0,1248.00 ,22.00 ,0,1,56.19
1.2 ,2.64,4.32,7,17,5,5,0,8,0,1,6368.00 ,0.00 ,0,0,62.3
1.8 ,2.64,5.76,9,6,5,3,1,9,1,13,1744.50 ,85.00 ,1,1,63.1
1.0 ,2.64,4.32,5,9,2,3,0,6,0,19,2362.50 ,36.00 ,0,1,57.9
0.6 ,1.76,3.6,7,29,0,3,1,9,0,1,1438.00 ,0.00 ,0,0,59.55
1.0 ,2.2,4.32,37,27,2,3,2,7,1,1,5200.50 ,96.50 ,0,1,65.72
0.4 ,2.64,5.76,6,17,0,2,1,7,0,1,2456.00 ,0.00 ,0,0,53.27
1.0 ,2.64,4.32,8,22,4,3,0,8,0,0,1338.00 ,0.00 ,0,0,58.59
1.0 ,1.76,4.32,10,18,3,4,0,7,0,0,1306.50 ,0.00 ,0,0,61
0.6 ,2.64,4.32,12,21,0,2,0,9,0,0,1778.50 ,0.00 ,0,0,56.61
0.4 ,3.52,2.88,5,11,0,2,0,6,0,0,0.00 ,0.00 ,0,0,56.97
0.4 ,1.76,4.32,9,9,0,1,0,6,0,0,5390.50 ,0.00 ,0,0,58.6
0.4 ,1.76,4.32,9,17,0,1,0,7,0,0,18777.00 ,0.00 ,0,0,54.15
1.8 ,3.52,5.76,22,8,5,6,3,7,1,10,9295.00 ,224.00 ,1,1,74.22
0.4 ,1.76,4.32,4,17,0,1,0,6,0,0,2143.50 ,0.00 ,0,0,60.87
0.4 ,2.64,5.76,11,11,0,2,1,8,1,1,2575.50 ,0.00 ,0,0,60.73
0.4 ,2.64,5.76,48,23,0,2,2,8,0,1,17179.50 ,0.00 ,0,0,68.2
0.4 ,1.76,5.76,18,12,0,1,0,6,0,0,2437.50 ,0.00 ,0,0,57.32
0.4 ,1.76,4.32,8,18,0,1,0,8,0,0,4247.50 ,0.00 ,0,0,54.05
0.4 ,3.52,4.32,16,18,0,1,0,6,0,0,8185.00 ,0.00 ,0,0,61.27
0.6 ,2.64,5.76,16,17,0,2,0,9,0,0,5351.50 ,0.00 ,0,0,62.6
0.4 ,1.76,4.32,12,13,0,1,0,8,0,0,5300.00 ,0.00 ,0,0,51.97
0.4 ,2.64,5.76,7,6,0,2,0,8,0,0,9505.50 ,0.00 ,0,0,65.8
1.2 ,2.64,4.32,20,10,0,4,0,3,0,0,1286.00 ,0.00 ,1,0,60.79
0.4 ,2.64,4.32,18,11,0,2,0,6,0,0,10973.50 ,0.00 ,0,0,61.08
0.4 ,1.76,2.88,6,20,0,2,0,5,0,0,1876.00 ,0.00 ,0,0,52.38
0.4 ,1.76,4.32,6,30,0,1,0,6,0,0,6149.50 ,0.00 ,0,0,59.66
0.4 ,1.76,2.88,6,17,0,1,0,6,0,0,0.00 ,0.00 ,0,0,47.09
0.4 ,2.64,5.76,11,18,0,1,0,7,0,0,5886.50 ,0.00 ,0,0,69.14
0.4 ,1.76,2.88,5,16,0,1,0,3,0,0,3628.00 ,0.00 ,0,0,47.68
0.8 ,1.76,4.32,17,32,0,3,0,6,0,0,11633.50 ,0.00 ,0,0,62.82
0.4 ,2.64,4.32,9,16,0,2,0,9,0,0,8183.50 ,0.00 ,0,0,63.4
0.4 ,2.64,4.32,13,5,0,2,0,7,0,0,10309.00 ,0.00 ,0,0,62.95
0.6 ,2.64,4.32,11,2,0,2,0,5,0,0,0.00 ,0.00 ,0,0,54.43
0.4 ,3.52,4.32,7,25,0,2,0,6,0,3,1147.50 ,0.00 ,0,0,65.6
0.4 ,2.64,4.32,11,17,0,2,0,7,0,0,8170.00 ,0.00 ,0,0,59.36
1.0 ,2.64,4.32,22,36,4,5,2,9,1,1,31870.00 ,0.00 ,0,0,69.52
0.6 ,2.64,2.88,9,17,0,2,0,9,0,0,6696.00 ,0.00 ,0,0,56.31
0.4 ,2.64,4.32,6,18,0,1,0,8,0,0,3254.50 ,0.00 ,0,0,61.06
0.6 ,2.64,4.32,10,9,0,8,0,8,0,0,1492.50 ,0.00 ,0,0,58.12
1.4 ,2.64,4.32,18,20,3,5,1,7,1,3,4581.00 ,169.00 ,1,1,67.47
0.6 ,2.64,5.76,10,24,0,5,0,6,0,0,3937.00 ,0.00 ,0,0,69.74
0.6 ,1.76,4.32,8,13,0,2,0,6,0,0,1486.00 ,0.00 ,0,0,55.8
0.8 ,2.2,4.32,8,31,0,2,0,8,0,1,3711.00 ,0.00 ,0,0,60.96
0.4 ,0.88,4.32,11,17,0,1,0,8,0,0,3025.00 ,0.00 ,0,0,59.35
0.6 ,2.64,5.76,10,19,0,6,0,8,0,0,2902.50 ,0.00 ,0,0,66.4
0.4 ,2.64,4.32,4,6,0,1,0,9,0,0,840.50 ,0.00 ,0,0,60.3
0.4 ,2.64,4.32,13,34,0,1,0,6,0,0,1912.50 ,0.00 ,0,0,64.51
1.0 ,2.64,4.32,8,19,4,3,0,9,0,1,806.00 ,0.00 ,0,0,64.38
0.4 ,1.76,3.6,9,6,0,1,0,3,0,0,1090.00 ,0.00 ,0,0,51.51
0.4 ,1.76,1.44,3,32,0,1,0,5,0,0,398.50 ,0.00 ,0,0,52.7
0.6 ,2.64,5.76,37,26,0,4,0,8,0,0,8924.00 ,0.00 ,0,0,69.5
0.4 ,2.64,5.76,5,8,0,1,0,6,0,0,2151.50 ,0.00 ,0,0,62.24
1.0 ,3.52,5.76,28,18,3,4,0,8,0,3,8244.50 ,2.00 ,0,1,68.26
0.4 ,2.64,5.76,168,13,0,1,0,7,0,0,8746.50 ,0.00 ,0,0,61.74
1.0 ,2.64,4.32,5,30,3,1,0,9,0,0,3030.00 ,0.00 ,0,0,62.6
1.8 ,2.64,4.32,5,26,5,2,0,8,0,2,4907.50 ,0.00 ,1,0,65.16
0.4 ,2.64,4.32,17,36,0,2,0,6,0,0,1658.50 ,0.00 ,0,0,68.01
0.6 ,2.64,4.32,16,16,0,2,0,9,0,0,5705.00 ,0.00 ,0,0,64.54
0.4 ,1.76,4.32,5,14,0,1,0,6,0,0,1343.00 ,0.00 ,0,0,56.02
0.6 ,3.52,4.32,7,31,0,2,0,8,0,5,18678.50 ,0.00 ,0,0,67.21
0.4 ,2.64,4.32,20,17,0,2,0,9,0,0,2305.00 ,0.00 ,0,0,65.92
1.4 ,2.64,5.76,17,18,3,5,1,8,1,1,7545.00 ,188.00 ,1,1,70.43
0.4 ,2.2,4.32,20,20,0,4,0,7,0,0,4322.00 ,0.00 ,0,0,63.94
0.4 ,0.88,2.88,2,0,0,1,0,5,0,0,71.50 ,0.00 ,0,0,46.73
0.2 ,1.76,2.16,5,21,0,0,0,3,0,0,0.00 ,0.00 ,0,0,50.5
1.2 ,2.64,4.32,15,23,1,6,0,6,0,1,2032.50 ,113.50 ,1,1,60.86
1.2 ,3.52,5.76,13,20,0,3,2,8,1,10,493.00 ,10.00 ,1,1,72.73
1.2 ,2.64,4.32,17,8,2,4,1,7,1,9,2224.50 ,539.50 ,1,1,67.95
1.2 ,3.52,6.48,29,4,2,16,2,6,1,22,5716.00 ,616.50 ,1,1,73.68
1.4 ,2.64,5.76,61,3,3,5,1,6,1,1,6791.00 ,61.00 ,1,1,69.28
1.8 ,2.2,4.32,11,26,5,4,1,8,1,1,1319.50 ,70.50 ,1,1,73.82
1.4 ,3.52,5.76,9,12,3,6,1,6,1,7,1607.00 ,688.50 ,1,1,69.52
1.4 ,3.52,5.76,77,6,4,6,3,8,1,10,13081.50 ,48.50 ,1,1,69.18
1.2 ,2.64,4.32,47,9,0,6,1,7,1,6,4719.00 ,17.00 ,1,1,61.02
1.8 ,2.64,4.32,13,16,6,1,0,9,0,1,889.00 ,102.50 ,1,1,62.1
1.8 ,4.4,6.48,29,15,6,16,3,9,1,15,1428.50 ,59.00 ,1,1,86.69
1.4 ,2.64,4.32,60,14,4,20,0,8,0,1,5033.50 ,8.50 ,1,1,65.39
1.8 ,2.64,5.76,7,17,5,6,1,7,1,134,660.50 ,115.50 ,1,1,73.69
1.2 ,3.52,6.48,25,5,0,10,7,3,1,3,0.00 ,0.00 ,1,0,77.48
0.4 ,2.64,4.32,9,18,0,2,0,9,0,1,4155.50 ,0.00 ,0,0,65.01
0.4 ,2.2,4.32,70,4,0,1,1,7,1,2,1755.00 ,0.00 ,0,0,56.7
1.8 ,2.64,4.32,5,6,5,4,0,9,0,7,1490.50 ,174.50 ,1,1,66.92
1.8 ,3.52,5.76,24,16,5,12,1,8,1,11,1853.00 ,323.50 ,1,1,81.32
1.8 ,3.52,4.32,25,17,4,10,1,7,1,35,419.00 ,429.00 ,1,1,79.91
1.4 ,3.52,4.32,37,24,3,6,0,9,0,10,12862.00 ,0.00 ,1,0,73.01
1.0 ,2.64,5.76,46,31,0,7,0,9,0,0,5379.50 ,16.00 ,0,1,73.59
1.4 ,0.88,4.32,25,5,3,5,1,8,1,0,4886.00 ,0.00 ,1,0,61.47
1.8 ,2.64,5.76,121,28,6,13,3,8,1,19,61312.50 ,954.00 ,1,1,77.16
1.2 ,3.52,5.76,12,5,1,3,1,6,1,5,3920.50 ,7.00 ,1,1,57.13
1.2 ,3.52,4.32,16,14,2,5,2,9,1,5,1423.50 ,189.50 ,1,1,71.87
1.4 ,3.52,5.76,15,26,4,6,2,8,1,14,383.00 ,106.50 ,1,1,82.45
1.2 ,2.64,4.32,15,4,1,6,2,8,1,1,3079.50 ,0.00 ,1,0,64.42
1.4 ,2.64,5.76,113,29,4,60,1,7,1,3,7824.00 ,402.00 ,0,1,76.23
0.8 ,2.64,4.32,10,28,0,4,0,5,0,0,267.50 ,0.00 ,0,0,63.81
0.4 ,2.64,4.32,5,9,0,1,0,8,0,0,839.00 ,0.00 ,0,0,60.03
0.4 ,1.76,4.32,6,18,0,1,0,5,0,1,3711.50 ,0.00 ,0,0,59.07
0.4 ,2.64,4.32,3,6,0,1,0,5,0,0,454.00 ,0.00 ,0,0,53.66
0.4 ,2.64,4.32,5,11,0,1,0,8,0,1,2163.00 ,0.00 ,0,0,60.44
0.4 ,1.76,4.32,3,29,0,1,0,8,0,0,540.00 ,0.00 ,0,0,54.44
1.2 ,2.64,4.32,17,19,0,5,1,9,1,1,3227.50 ,0.00 ,1,0,71.01
0.6 ,2.64,5.76,6,5,0,2,0,8,0,0,2080.50 ,0.00 ,0,0,54.26
0.4 ,2.64,4.32,16,11,0,2,0,6,0,0,5955.50 ,0.00 ,0,0,61.18
1.4 ,1.76,5.76,9,26,3,5,1,6,1,2,2354.00 ,202.50 ,1,1,75.73
1.4 ,2.64,4.32,12,21,3,1,1,8,1,1,2813.50 ,0.00 ,1,0,66.13
1.4 ,2.64,4.32,36,30,3,6,5,7,1,2,2649.00 ,85.50 ,1,1,69.47
1.0 ,3.52,4.32,10,21,1,2,0,7,0,0,2502.00 ,31.50 ,0,1,70.15
1.4 ,2.64,4.32,14,26,3,6,1,8,1,0,1758.50 ,40.50 ,1,1,74.12
1.8 ,3.52,5.76,28,19,6,3,0,9,0,1,4205.00 ,168.50 ,1,1,75.73
1.8 ,2.64,4.32,12,21,5,5,3,8,1,7,2964.00 ,221.50 ,1,1,72.56
1.0 ,2.64,4.32,4,18,3,3,1,9,0,6,384.00 ,30.50 ,0,1,64.12
1.4 ,3.52,5.76,80,27,3,4,1,5,1,15,834.00 ,168.50 ,1,1,80.4
1.4 ,2.64,4.32,30,19,4,5,0,8,0,0,2976.50 ,0.00 ,1,1,72.33
0.6 ,2.64,4.32,3,21,0,2,0,7,0,0,0.00 ,0.00 ,0,0,60.21
0.6 ,2.64,4.32,11,21,0,2,0,7,0,0,0.00 ,0.00 ,0,0,60.21
1.8 ,3.08,4.32,26,20,5,3,2,7,1,6,2456.00 ,386.50 ,1,1,71.1
1.4 ,3.52,4.32,46,4,4,15,1,6,1,12,0.00 ,3750.50 ,1,1,67.86
1.4 ,3.52,5.76,12,33,4,13,1,8,1,2,0.00 ,3709.50 ,1,1,71.85
1.2 ,4.4,4.32,8,11,2,5,1,7,1,1,1010.00 ,269.00 ,1,1,66.24
1.4 ,3.52,5.76,32,3,4,20,3,8,1,0,1247.50 ,0.00 ,1,0,64.29
0.2 ,1.76,2.88,2,20,0,0,0,8,0,0,1250.00 ,0.00 ,0,0,55.47
0.4 ,0.88,4.32,3,8,0,1,0,7,0,0,2241.50 ,0.00 ,0,0,53.07
0.6 ,2.64,5.76,60,18,0,5,1,7,1,16,11196.00 ,0.00 ,0,0,69.56
0.4 ,1.76,4.32,3,0,0,1,0,7,0,0,959.50 ,0.00 ,0,0,51.9
0.4 ,0.88,2.88,5,20,0,1,0,8,0,0,461.50 ,0.00 ,0,0,49.52
0.4 ,1.76,4.32,9,27,0,1,0,6,0,0,1794.00 ,0.00 ,0,0,60.96
0.4 ,1.76,4.32,3,5,0,1,0,7,0,0,4151.50 ,0.00 ,0,0,58.59
0.4 ,2.64,4.32,3,11,0,1,0,6,0,0,4640.50 ,0.00 ,0,0,58.49
0.8 ,2.64,4.32,8,19,0,3,0,8,0,0,751.00 ,0.00 ,0,0,66.18
0.4 ,2.64,4.32,8,12,0,1,0,9,0,0,751.00 ,0.00 ,0,0,58.14
0.6 ,2.64,5.76,10,24,0,4,0,8,0,0,1377.00 ,0.00 ,0,0,68.41
0.6 ,2.64,4.32,15,19,0,5,0,7,0,0,1502.50 ,0.00 ,0,0,64.46
0.4 ,2.64,4.32,43,31,0,4,0,6,0,0,7938.50 ,0.00 ,0,0,67.5
1.4 ,3.52,5.76,15,15,3,8,1,5,1,3,2185.00 ,0.00 ,1,0,71.52
1.8 ,2.64,4.32,140,29,6,4,0,8,0,0,8051.50 ,293.00 ,1,1,70.35
1.2 ,2.64,4.32,18,14,2,13,0,9,0,0,4303.00 ,161.00 ,1,1,73.49
1.4 ,3.52,4.32,217,31,3,9,0,6,0,0,8339.50 ,322.00 ,1,1,76.72
1.8 ,3.52,4.32,110,30,5,9,0,7,0,0,5397.50 ,292.00 ,1,1,79.14
1.2 ,2.64,4.32,9,33,7,2,0,7,0,0,942.50 ,0.00 ,0,0,69.87
0.4 ,1.76,2.88,2,2,0,1,0,5,0,0,0.00 ,0.00 ,0,0,49.66
0.4 ,2.64,5.76,13,10,0,2,0,6,0,0,950.00 ,0.00 ,0,0,66.29
0.6 ,2.64,4.32,18,23,0,2,0,5,0,0,1677.50 ,0.00 ,0,0,67.39
1.8 ,4.4,4.32,27,27,5,5,1,9,1,1,2730.00 ,657.00 ,1,1,75.26
1.4 ,3.52,4.32,90,14,3,19,1,7,1,1,3970.00 ,0.00 ,1,0,63.32
0.6 ,2.64,4.32,8,38,0,4,0,8,0,0,1776.00 ,0.00 ,0,0,66.08
1.8 ,3.52,4.32,16,17,5,4,0,7,0,0,2298.50 ,188.50 ,1,1,78.72
0.6 ,2.64,4.32,4,24,0,1,0,7,0,0,1775.00 ,0.00 ,0,0,64.86
0.6 ,3.52,4.32,20,10,0,3,0,8,0,15,5732.50 ,0.00 ,0,0,62.91
1.2 ,2.64,4.32,13,22,2,10,0,8,0,0,3083.00 ,0.00 ,1,0,71.55
0.8 ,1.76,4.32,5,14,0,2,0,8,0,0,1691.50 ,0.00 ,0,0,63.42
1.0 ,2.64,2.88,7,25,2,4,0,7,0,0,1505.00 ,0.00 ,0,0,62.23
1.2 ,2.64,4.32,15,21,2,6,1,7,1,2,2808.50 ,77.50 ,1,1,69.68
0.8 ,1.76,4.32,40,24,0,3,0,9,0,0,2862.00 ,0.00 ,0,0,65.61
1.4 ,2.64,5.76,9,18,3,6,1,6,1,3,1731.50 ,48.00 ,1,1,78.24
0.4 ,1.76,4.32,4,14,0,1,0,8,0,0,544.50 ,0.00 ,0,0,58.2
0.4 ,1.76,4.32,7,2,0,1,0,6,0,1,586.50 ,0.00 ,0,0,47.9
0.6 ,2.64,4.32,23,25,0,3,0,7,0,0,3111.50 ,0.00 ,0,0,59.92
0.4,2.64,2.88,24,40,0,2,0,12,0,0,5790.00 ,0.00 ,0,0,59.68
1.4,2.64,6.48,297,6,4,7,13,8,1,26,158028.00 ,701.00 ,1,1,70.36
0.6,3.52,5.76,18,27,0,2,2,25,0,1,1713.50 ,0.00 ,0,0,71.67
1.2,3.52,5.76,16,8,6,8,5,10,1,40,17476.50 ,0.50 ,0,1,72.35
0.8,3.52,5.76,170,24,0,2,2,68,0,69,74327.50 ,247.50 ,0,1,84.59
1,3.52,5.76,13,25,4,3,12,16,1,11,8125.50 ,115.50 ,0,1,75.82
2,3.52,5.76,10,41,21,4,0,27,0,4,863.50 ,184.00 ,1,1,73.12
1.2,3.52,4.32,37,44,5,11,4,31,1,6,10733.00 ,118.00 ,0,1,77
0.2,1.76,4.32,1,27,0,0,0,10,0,0,1406.00 ,0.00 ,0,0,62.88
1,3.52,5.76,7,13,2,2,0,22,0,2,3411.00 ,12.50 ,0,1,67.76
1,2.2,4.32,23,9,1,4,0,11,0,1,3499.50 ,0.00 ,0,0,67.55
1.2,2.2,5.76,26,14,8,3,5,12,1,3,10158.00 ,20.50 ,0,1,71.09
1,3.52,6.48,115,39,0,3,4,14,1,11,22875.00 ,231.50 ,0,1,84.56
1,3.52,5.76,35,17,0,3,4,9,1,6,34130.00 ,5.00 ,0,1,68.92
2,3.52,5.76,153,23,12,11,2,15,1,57,61028.50 ,253.00 ,1,1,82.95
0.4,3.52,4.32,18,29,0,1,3,23,1,3,9898.50 ,22.50 ,0,1,76.41
1,3.52,5.76,10,13,4,3,1,15,1,3,5081.50 ,6.50 ,0,1,66.28
2,3.52,5.76,181,36,15,10,1,31,0,9,65669.00 ,0.00 ,1,1,80.74
1.2,0.88,4.32,17,29,9,1,3,15,1,0,5119.00 ,66.50 ,0,1,65.84
1.2,2.64,4.32,64,25,6,4,1,10,0,6,6314.50 ,92.50 ,0,1,68.21
1.2,2.64,5.76,150,19,2,26,1,22,0,7,57169.50 ,0.00 ,1,0,68.27
1.6,2.64,5.76,39,9,5,17,5,11,1,21,8855.50 ,108.50 ,1,1,73.76
2,2.64,4.32,4,22,21,2,2,24,1,8,1723.00 ,174.00 ,1,1,70.95
0.4,0.88,4.32,37,12,0,3,0,23,0,0,5593.00 ,0.00 ,0,0,58.52
0.4,2.64,4.32,16,22,0,2,1,52,0,0,6391.50 ,13.00 ,0,1,59.32
1,3.52,5.76,29,32,3,3,2,25,1,0,28385.50 ,30.00 ,0,1,79.65
2,2.2,5.76,171,36,12,4,3,57,0,8,45793.50 ,99.50 ,1,1,74.59
1.2,2.64,5.76,30,46,7,2,2,20,0,4,33431.50 ,65.50 ,0,1,73.33
0.4,0.88,4.32,9,12,0,1,1,12,0,0,1172.50 ,0.00 ,0,0,55.62
0.4,1.76,4.32,9,19,0,1,1,22,0,0,4920.00 ,0.00 ,0,0,60.16
0.4,2.64,4.32,7,19,0,1,2,9,0,2,790.00 ,0.00 ,0,0,62.31
0.8,2.2,4.32,13,15,0,2,3,9,0,4,3490.50 ,0.00 ,0,0,61.25
1,2.64,4.32,5,11,2,3,0,13,0,4,1734.50 ,0.00 ,0,0,59.21
2,2.64,5.76,121,27,10,4,6,21,1,1,27013.50 ,178.00 ,1,1,78.31
2,3.52,5.76,14,43,20,4,2,22,1,26,2790.00 ,195.50 ,1,1,77.62
0.4,3.52,5.76,3,7,0,1,1,10,1,7,1133.00 ,0.00 ,0,0,66.34
0.6,1.76,4.32,4,22,0,1,0,11,0,0,11299.50 ,0.00 ,0,0,65.96
0.6,3.52,4.32,36,14,0,3,0,25,0,1,34115.00 ,0.00 ,0,0,68.79
1,3.52,5.76,37,27,0,3,4,28,1,4,4426.50 ,14.00 ,0,1,75.1
0.8,2.2,4.32,25,19,0,3,1,12,0,2,10961.50 ,0.00 ,0,0,67.44
1.2,2.64,4.32,33,22,7,4,5,15,1,2,9088.00 ,95.50 ,0,1,66.57
0.4,2.64,4.32,9,21,0,1,0,9,0,0,12217.50 ,0.00 ,0,0,67.3
1.6,2.64,4.32,6,20,5,2,1,23,0,6,3575.00 ,2.00 ,1,1,70.35
2,4.4,5.76,92,18,35,9,3,49,0,8,35559.50 ,0.00 ,1,0,86.67
1.2,3.52,4.32,17,10,0,4,3,9,1,1,3894.00 ,0.00 ,1,0,66.24
1.6,3.52,5.76,16,33,5,3,0,30,0,18,2210.50 ,0.00 ,1,0,75.77
0.8,1.76,5.76,8,13,0,4,1,11,0,1,12623.00 ,17.00 ,0,1,63.81
0.4,2.64,4.32,34,32,0,4,2,12,0,3,5168.00 ,0.00 ,0,0,69.25
0.4,2.64,4.32,17,36,0,1,2,11,1,1,11587.50 ,0.00 ,0,0,67.37
0.6,2.2,5.04,12,29,0,1,0,28,0,7,10373.00 ,0.00 ,0,0,76.25
0.8,3.52,5.76,6,22,0,2,2,10,1,12,1123.00 ,31.50 ,0,1,68.62
2,2.64,4.32,53,48,15,9,0,28,0,12,11650.00 ,492.50 ,1,1,83.4
0.4,2.64,4.32,17,15,0,1,1,13,0,2,2978.50 ,0.00 ,0,0,66.68
0.4,1.76,4.32,9,42,0,1,0,23,0,2,8789.50 ,0.00 ,0,1,60.86
0.4,2.64,4.32,6,23,0,1,0,25,0,0,479.00 ,0.00 ,0,0,65.63
0.6,2.64,5.76,21,14,0,5,2,15,0,1,9991.50 ,1.00 ,0,1,65.39
1,2.64,5.76,9,20,0,3,2,10,1,5,916.50 ,0.00 ,0,1,70.68
0.6,2.64,4.32,23,17,0,5,0,17,0,2,10730.00 ,13.00 ,0,1,67.87
0.4,2.64,5.76,9,9,0,1,0,11,0,0,2115.50 ,0.00 ,0,0,65.77
2,4.4,5.76,71,0,12,8,0,18,0,123,64506.00 ,10.50 ,1,1,66.44
0.4,2.64,4.32,24,38,0,2,2,13,0,0,5027.50 ,0.00 ,0,0,63.6
1.4,3.52,4.32,63,12,4,4,1,14,1,8,12074.00 ,0.00 ,1,0,64.22
1.2,3.52,4.32,11,14,0,1,2,11,1,5,2676.00 ,17.00 ,1,1,55.56
1.8,2.64,4.32,137,13,7,9,2,16,1,7,16823.00 ,0.00 ,1,0,62.86
0.6,3.52,4.32,68,7,0,3,3,10,0,0,12742.00 ,0.00 ,0,0,68.47
1.2,3.52,5.76,167,33,0,4,2,12,1,3,50406.50 ,19.50 ,1,1,79.44
1.2,3.52,5.76,56,9,2,8,2,12,0,4,10704.50 ,138.00 ,1,1,67.18
1.6,3.52,5.76,82,21,6,5,4,27,1,22,17298.00 ,313.50 ,1,1,74.39
0.4,2.64,4.32,42,26,0,4,1,19,0,1,9815.00 ,0.00 ,0,0,70.7
1.6,3.52,5.76,170,8,5,8,2,13,1,29,9243.00 ,0.00 ,1,0,78.87
1,1.76,4.32,12,26,1,2,0,23,0,0,1134.00 ,0.00 ,0,0,66.44
2,2.64,5.76,213,28,16,10,3,27,1,41,62505.00 ,505.50 ,1,1,81.66
0.4,2.64,4.32,39,23,0,2,1,25,0,7,2450.00 ,0.00 ,0,0,61.64
0.8,2.64,5.76,25,13,0,5,2,16,1,1,13739.50 ,76.00 ,0,1,67.81
1.4,2.64,4.32,178,36,4,4,3,13,1,3,14822.00 ,57.00 ,1,1,69.39
0.6,3.52,4.32,36,15,0,6,0,30,0,8,7684.00 ,26.00 ,0,1,69.26
2,2.64,5.76,94,24,18,8,5,27,1,18,36272.00 ,1467.50 ,1,1,81.12
0.4,2.64,4.32,6,22,0,1,1,13,0,0,4489.00 ,0.00 ,0,0,61.91
0.4,3.52,5.76,57,36,0,4,2,27,0,1,6505.00 ,0.00 ,0,0,68.54
0.6,1.76,4.32,4,16,0,2,0,12,0,0,399.00 ,0.00 ,0,0,65.74
0.4,1.76,4.32,31,15,0,1,1,11,0,3,3734.50 ,0.00 ,0,0,59.37
1,2.64,2.88,166,34,3,8,1,37,0,1,29969.50 ,201.00 ,0,1,73.97
1,2.64,4.32,31,15,3,3,2,18,1,1,14272.00 ,0.00 ,0,0,67.89
0.8,2.64,4.32,69,7,0,7,5,14,1,3,18070.00 ,56.50 ,0,1,66.36
1,2.64,4.32,6,33,2,2,1,10,1,4,8491.00 ,21.50 ,0,1,73.05
1.8,2.64,4.32,89,24,8,9,2,15,1,48,17087.00 ,148.00 ,1,1,75.52
1.8,3.52,5.76,7,22,7,3,1,10,1,3,3350.50 ,61.00 ,1,1,71.16
0.4,3.52,5.76,19,24,0,3,0,35,0,0,7175.00 ,0.00 ,0,0,67.36
1,3.52,4.32,75,26,4,5,1,21,0,4,9627.00 ,24.50 ,0,1,74.46
2,3.52,4.32,419,29,12,8,2,17,1,43,106221.50 ,809.00 ,1,1,78.35
0.6,2.64,5.76,11,14,0,5,1,17,0,0,1851.00 ,0.00 ,0,0,65.5
1.8,3.52,5.76,115,19,8,5,3,13,1,109,56938.00 ,1290.00 ,1,1,74.17
1.2,2.64,4.32,29,50,0,4,1,12,1,10,22292.00 ,134.00 ,1,1,72.19
2,2.64,4.32,9,22,13,2,2,25,1,5,511.00 ,24.00 ,1,1,67.26
1,2.64,4.32,20,25,0,2,0,13,0,0,6679.50 ,104.50 ,0,1,66.59
2,2.64,0.72,320,36,17,11,10,30,1,80,52911.00 ,433.00 ,1,1,60.31
0.4,2.64,4.32,16,20,0,1,2,23,0,0,4820.00 ,0.00 ,0,0,60.03
1.2,2.64,5.76,176,32,8,5,2,25,0,134,25763.00 ,488.00 ,0,1,75.39
2,3.52,5.76,158,34,14,6,7,22,1,76,54451.50 ,193.00 ,1,1,81.67
1.2,3.08,5.76,156,10,29,8,0,62,0,63,84730.00 ,459.00 ,0,1,75.53
1,2.64,4.32,41,31,0,8,3,16,1,5,19856.00 ,189.00 ,0,1,69.34
1.2,1.76,4.32,21,34,6,3,2,13,1,0,37237.00 ,179.00 ,0,1,64.36
0.4,2.64,4.32,8,22,0,1,0,10,0,7,1863.50 ,9.00 ,0,1,62.89
2,2.64,4.32,73,24,12,5,5,27,1,1,16019.00 ,126.50 ,1,1,70.68
1,2.64,4.32,9,8,4,4,2,11,1,10,1539.50 ,77.00 ,0,1,62.57
2,2.64,4.32,118,21,12,6,4,23,1,6,24124.00 ,256.50 ,1,1,78.21
1.2,2.64,4.32,27,36,5,2,0,20,0,14,7307.50 ,0.00 ,0,0,69.21
1.2,3.52,4.32,150,41,11,4,1,19,0,8,15868.50 ,0.00 ,0,0,74.38
0.4,2.64,4.32,45,37,0,1,1,51,0,1,4640.00 ,0.00 ,0,0,60.99
1,2.64,4.32,13,22,1,7,6,10,1,3,6074.00 ,111.00 ,0,1,64.12
0.6,2.64,5.76,15,45,0,5,1,28,0,3,1658.00 ,0.00 ,0,0,71.75
1.6,3.52,4.32,27,32,6,7,2,31,1,10,9995.50 ,231.50 ,1,1,74.05
0.8,3.52,4.32,19,15,0,4,3,23,0,0,32808.00 ,0.00 ,0,0,62.89
1.8,4.4,5.76,25,17,8,6,2,18,1,67,3828.50 ,8.00 ,1,1,72.2
1.6,3.52,5.76,70,32,6,8,5,23,1,5,12530.00 ,454.50 ,1,1,82.16
1,2.64,5.76,24,15,4,13,1,18,0,12,3543.50 ,0.00 ,0,1,73.37
0.6,2.64,5.76,128,10,0,5,2,47,0,12,67808.50 ,16.00 ,0,1,71.32
1,2.64,5.76,60,38,3,5,3,11,1,7,12447.50 ,3.00 ,0,1,75.42
0.8,3.52,5.76,99,24,0,19,1,21,0,47,50727.00 ,0.00 ,0,0,78.47
0.4,3.52,4.32,15,14,0,1,1,16,0,1,15603.00 ,357.00 ,0,1,62.94
2,2.64,5.76,108,32,19,27,1,25,0,70,22585.00 ,0.00 ,1,1,74.28
0.6,3.52,4.32,14,40,0,2,0,22,0,0,1895.00 ,0.00 ,0,0,70.34
1.8,3.52,4.32,20,23,9,5,2,21,1,17,1869.50 ,95.00 ,1,1,72.75
2,4.4,5.76,199,35,14,32,2,20,1,72,23394.00 ,2962.00 ,1,1,90.24
0.4,2.64,4.32,8,33,0,2,2,22,0,0,577.50 ,0.00 ,0,0,66.23
0.6,4.4,6.48,22,25,0,4,1,20,0,11,4340.00 ,0.00 ,0,0,80.2
0.6,3.52,5.76,25,7,0,4,0,9,0,2,2652.50 ,15.00 ,0,1,59.95
2,3.52,5.76,150,33,20,7,0,28,0,8,51843.50 ,15.50 ,1,1,77.55
1.2,3.52,5.76,81,43,23,4,3,45,1,5,20367.00 ,44.50 ,0,1,75.9
1.8,3.52,5.76,102,37,7,7,0,10,0,3,10039.50 ,39.00 ,1,1,72.38
0.8,3.52,4.32,5,26,0,2,0,13,0,29,2186.00 ,0.00 ,0,0,68.1
0.6,0.88,3.6,26,15,0,1,0,18,0,1,7181.00 ,0.00 ,0,1,53.73
0.4,1.76,4.32,15,29,0,0,0,66,0,0,3069.50 ,0.00 ,0,0,54.35
0.4,2.64,4.32,9,48,0,1,0,41,0,0,2872.00 ,0.00 ,0,0,69.42
1,2.64,4.32,6,25,0,1,0,17,0,2,3224.00 ,0.00 ,0,1,58.97
2,3.52,5.76,10,12,12,4,1,15,1,10,2415.00 ,65.50 ,1,1,67.02
1,3.52,5.76,12,13,4,3,0,15,0,1,7736.50 ,42.00 ,0,1,64.06
1.2,3.52,4.32,91,9,2,13,2,11,1,39,30804.00 ,459.00 ,1,1,66.78
0.4,1.76,4.32,9,20,0,1,0,21,0,0,4702.50 ,0.00 ,0,0,60.92
0.6,3.52,5.76,32,48,0,4,0,26,0,6,18896.00 ,0.00 ,0,0,70.43
0.4,2.64,4.32,16,48,0,1,0,11,0,0,1512.00 ,0.00 ,0,0,59.69
0.4,2.64,4.32,28,34,0,2,0,11,0,2,13791.50 ,0.00 ,0,1,58.91
0.4,2.64,4.32,28,25,0,1,1,25,1,9,15160.00 ,2.00 ,0,1,67.26
1,3.52,4.32,22,21,4,4,1,24,0,3,12746.00 ,295.00 ,0,1,71.35
1,0.88,4.32,32,33,0,1,1,28,0,0,7637.50 ,0.00 ,0,0,54.49
1.6,3.52,5.76,20,21,5,6,0,10,0,2,2369.00 ,0.50 ,1,1,77.59
0.6,2.2,5.76,35,14,0,1,0,33,0,0,38731.00 ,0.00 ,0,1,56.96
0.4,2.64,4.32,20,27,0,3,0,10,0,25,32191.50 ,0.00 ,0,0,77.26
1,3.52,6.48,16,14,2,4,0,16,0,65,7157.50 ,17.00 ,0,1,64.42
0.4,2.64,4.32,8,29,0,1,0,9,0,0,1450.50 ,0.00 ,0,0,58.53
0.8,2.64,4.32,15,15,0,5,0,13,0,41,4625.50 ,49.00 ,0,1,61.42
1,0.88,4.32,9,9,2,4,0,12,0,1,6425.50 ,0.00 ,0,0,55.81
0.6,2.64,4.32,15,23,0,2,0,20,0,1,12453.50 ,0.00 ,0,0,67.96
0.6,2.64,4.32,8,29,0,2,0,22,0,0,7483.00 ,0.00 ,0,0,55.77
1,1.76,4.32,8,38,1,3,0,20,0,0,7771.50 ,55.00 ,0,1,66.77
1,2.64,4.32,10,35,3,2,0,17,0,5,2879.00 ,1.00 ,0,1,61.03
1,2.64,4.32,11,37,4,5,2,10,1,13,2905.50 ,0.00 ,0,0,67.03
1,1.76,4.32,6,27,0,2,1,14,0,0,9810.00 ,77.50 ,0,1,58.8
0.4,3.52,4.32,6,16,0,1,0,12,0,7,154.50 ,0.00 ,0,0,57.29
1.2,3.52,4.32,47,12,14,2,1,39,1,8,10217.50 ,187.00 ,0,1,62.01
2,3.52,4.32,15,24,18,6,0,27,0,7,23569.50 ,0.00 ,1,0,66.56
1.2,3.52,4.32,6,20,9,2,0,13,0,6,1936.00 ,0.00 ,0,0,60.39
1.6,3.52,5.76,20,27,6,3,1,15,1,38,3694.50 ,0.00 ,1,0,72.39
0.6,3.52,5.76,18,27,0,4,1,17,1,29,2377.50 ,52.50 ,0,1,77.01
0.4,2.64,4.32,3,26,0,1,0,17,0,1,309.00 ,0.00 ,0,0,59.05
1.6,3.52,5.76,72,26,5,6,2,28,1,11,11993.00 ,199.00 ,1,1,71.81
0.4,1.76,4.32,4,14,0,4,0,16,0,0,15664.50 ,0.00 ,0,1,61.2
0.4,2.64,5.76,5,38,0,2,0,30,0,0,1299.00 ,0.00 ,0,0,66.64
1,2.64,4.32,7,23,1,2,0,16,0,1,1829.00 ,0.00 ,0,0,56.53
0.4,2.64,5.76,3,24,0,1,0,18,0,0,881.00 ,0.00 ,0,0,57.58
0.4,1.76,4.32,14,33,0,1,0,29,0,0,9156.50 ,0.00 ,0,0,63.77
1,1.76,3.6,3,46,0,1,0,37,0,0,612.50 ,0.00 ,0,1,55.54
0.4,2.64,4.32,8,36,0,1,0,15,0,0,1493.50 ,0.00 ,0,0,64.61
0.4,2.64,4.32,36,29,0,8,0,27,0,0,38985.00 ,0.00 ,0,0,68.26
0.4,2.2,4.32,104,45,0,3,0,48,0,5,25994.00 ,0.00 ,0,0,62.41
0.4,2.64,4.32,5,50,0,1,0,37,0,0,717.00 ,0.00 ,0,0,59.67
0.8,1.76,4.32,7,35,0,2,0,29,0,3,1902.00 ,0.00 ,0,0,53.47
0.6,2.64,5.76,6,45,0,2,0,17,0,0,2461.00 ,6.00 ,0,1,64.39
0.6,1.76,4.32,5,15,0,2,0,11,0,1,5906.50 ,0.00 ,0,0,54.37
0.6,3.52,4.32,9,28,0,3,0,31,0,1,496.00 ,41.50 ,0,1,62.99
0.6,2.64,4.32,15,42,0,3,0,24,0,0,1873.00 ,0.00 ,0,0,62.69
0.8,3.52,4.32,103,17,0,5,0,17,0,6,99207.50 ,1850.00 ,0,1,64.59
0.6,2.64,5.76,13,38,0,3,0,38,0,0,1408.00 ,0.00 ,0,0,72.57
0.6,2.64,5.76,80,39,0,4,0,13,0,0,17551.50 ,0.00 ,0,0,71.88
0.8,1.76,4.32,6,31,0,2,0,20,0,0,17636.50 ,0.00 ,0,0,56.01
1.2,2.64,4.32,54,36,9,6,1,20,1,11,16436.50 ,89.50 ,0,1,64.71
1,1.76,4.32,10,29,2,3,0,18,0,2,2151.50 ,0.00 ,0,0,62.69
1,1.76,4.32,13,23,2,4,0,7,0,0,1588.50 ,0.00 ,0,0,57.8
0.8,2.64,4.32,40,26,0,3,0,20,0,11,6418.50 ,0.00 ,0,0,69.33
0.8,2.64,5.76,94,42,0,5,0,37,0,15,30192.50 ,0.00 ,0,0,74.74
1.2,2.64,5.76,15,39,10,3,1,26,1,6,13211.50 ,278.50 ,0,1,72.37
0.4,2.64,4.32,5,24,0,1,0,26,0,1,3195.50 ,0.00 ,0,0,55.61
1.2,2.64,2.88,10,23,7,3,0,20,0,1,10785.50 ,0.00 ,0,0,58.08
0.6,2.64,4.32,8,33,0,2,0,22,0,0,4845.00 ,0.00 ,0,0,57.67
0.4,1.76,4.32,2,24,0,1,0,20,0,1,1150.00 ,0.00 ,0,0,59.12
1.8,1.76,4.32,37,19,8,11,2,12,1,7,3172.50 ,201.00 ,1,1,62.51
0.6,1.76,5.76,5,26,0,2,0,29,0,13,958.50 ,0.00 ,0,0,68.36
0.4,2.64,5.76,111,39,0,5,0,32,0,8,76777.50 ,0.00 ,0,0,74.07
1.2,3.52,5.76,50,22,5,6,0,12,0,99,14004.00 ,67.50 ,0,1,72.04
1.8,2.64,6.48,11,41,9,4,0,24,0,25,4639.00 ,0.00 ,1,0,72.62
2,2.64,4.32,48,38,18,7,3,51,1,4,7162.50 ,144.00 ,1,1,74.51
0.6,2.64,5.76,4,8,0,2,0,10,0,1,590.00 ,0.00 ,0,0,51.68
0.4,1.76,4.32,8,28,0,1,0,11,0,0,8013.50 ,0.00 ,0,0,56.17
2,2.64,4.32,76,16,21,6,0,24,0,38,37923.50 ,0.00 ,1,0,71.06
1.8,3.52,6.48,40,11,7,11,2,11,1,33,9293.50 ,112.00 ,1,1,74.77
0.4,2.64,5.76,28,32,0,1,0,24,0,0,51668.50 ,0.00 ,0,0,71.23
1.2,2.64,5.04,17,24,6,4,0,18,0,4,7911.50 ,112.50 ,0,1,67.53
0.4,2.64,5.76,75,23,0,1,0,14,0,0,27342.50 ,0.00 ,0,0,68.3
1.2,4.4,4.32,94,20,2,10,0,16,0,81,106236.50 ,0.00 ,1,0,76.34
1.2,2.64,4.32,24,16,7,6,0,14,0,0,14387.00 ,389.00 ,0,1,57.36
0.4,1.76,4.32,51,35,0,2,1,19,0,0,33980.50 ,0.00 ,0,0,60.52
1.2,3.52,5.76,80,21,12,12,0,23,0,11,41332.50 ,409.00 ,0,1,72.95
0.6,1.76,5.76,15,21,0,1,1,13,0,6,2290.00 ,0.00 ,0,0,63.24
1.2,1.76,5.76,5,35,9,3,0,13,0,0,4280.00 ,49.50 ,0,1,60.96
0.4,2.64,4.32,15,15,0,1,0,11,0,0,4309.00 ,0.00 ,0,0,50.62
1.6,1.76,2.88,16,26,6,3,0,24,0,1,3805.50 ,131.50 ,1,1,59.96
1.6,2.64,4.32,17,33,5,3,0,9,0,30,50067.00 ,298.50 ,1,1,64.27
0.6,2.64,4.32,10,14,0,4,0,10,0,0,6303.00 ,0.00 ,0,0,55.94
1,2.64,4.32,4,35,3,2,0,20,0,0,1690.00 ,0.00 ,0,0,55.75
0.6,2.64,4.32,9,25,0,5,0,23,0,0,4926.50 ,0.00 ,0,0,63.76
2,2.64,4.32,56,24,10,7,1,17,0,5,58569.00 ,457.00 ,1,1,63.9
1,2.64,5.76,5,9,2,3,0,11,0,2,1681.00 ,34.50 ,0,1,60.27
1,0.88,2.88,39,10,1,5,1,9,1,0,35184.00 ,0.00 ,0,0,54.41
0.4,2.64,4.32,52,38,0,1,1,12,0,10,56913.50 ,0.00 ,0,0,71.32
0.4,1.76,4.32,3,31,0,1,0,13,0,0,660.50 ,26.00 ,0,1,53.98
0.4,2.64,4.32,38,15,0,1,0,13,0,1,7832.50 ,0.00 ,0,0,58.08
0.8,2.64,5.04,18,37,0,3,0,21,0,9,6837.50 ,1.50 ,0,1,61.98
2,2.64,4.32,47,28,10,5,0,26,0,1,14662.00 ,0.00 ,1,0,64.89
0.4,1.76,4.32,5,30,0,1,0,16,0,0,1653.50 ,0.00 ,0,0,57.12
0.8,2.64,5.76,73,38,0,15,0,40,0,0,74730.00 ,0.00 ,0,0,73.29
0.6,2.64,4.32,46,36,0,5,0,29,0,0,35469.50 ,0.00 ,0,0,65.55
1.2,2.64,4.32,28,45,10,3,0,20,0,12,7411.00 ,159.00 ,0,1,65.51
1.4,2.64,4.32,11,17,3,3,1,9,1,9,2663.50 ,0.00 ,1,0,61.85
2,0.88,5.76,25,12,10,9,0,12,0,2,2686.50 ,131.00 ,1,1,62.21
1,2.64,5.76,24,7,1,5,1,9,1,13,7135.50 ,0.00 ,0,0,57.69
1.2,2.64,5.76,57,20,5,6,1,11,1,46,19663.50 ,436.50 ,0,1,66.44
1.6,2.64,5.76,24,25,6,3,0,20,0,2,21624.00 ,115.50 ,1,1,73.72
1.2,3.52,5.76,197,19,1,28,0,38,0,11,43812.00 ,307.00 ,1,1,71.4
1.2,2.64,5.76,27,20,5,7,0,13,0,12,8793.50 ,240.50 ,0,1,64.79
0.4,1.76,4.32,20,32,0,1,0,24,0,0,3515.50 ,0.00 ,0,1,64
2,3.52,5.76,136,44,23,15,1,55,1,54,37450.00 ,279.00 ,1,1,76.16
1.2,2.64,5.76,20,11,1,5,2,14,1,51,3639.50 ,90.50 ,1,1,69.36
1.8,2.2,4.32,20,22,8,7,0,19,0,1,9253.00 ,263.50 ,1,1,67.87
1.2,1.76,4.32,13,26,7,2,0,17,0,4,12555.00 ,196.50 ,0,1,66.65
1.2,2.64,4.32,17,25,11,8,0,21,0,0,13328.50 ,62.00 ,0,1,63.47
0.4,2.64,5.76,5,39,0,2,1,29,1,0,7067.50 ,0.00 ,0,0,65.26
0.6,3.52,5.76,27,22,0,4,3,17,1,9,2794.50 ,32.00 ,0,1,72.1
0.6,2.64,4.32,7,28,0,2,0,24,0,0,2756.00 ,8.00 ,0,1,58.37
1.4,2.64,5.04,37,11,4,5,1,14,1,8,9257.00 ,269.00 ,1,1,65.18
0.4,1.76,4.32,16,4,0,1,0,37,0,3,10798.00 ,0.00 ,0,0,56.7
0.8,2.64,5.76,30,31,0,7,0,13,0,0,30274.00 ,9.00 ,0,1,69.03
1.2,3.52,4.32,82,40,2,17,0,28,0,8,52646.00 ,0.00 ,1,0,72.15
0.4,1.76,4.32,60,42,0,1,0,24,0,0,3404.00 ,0.00 ,0,0,58.5
1.8,2.64,4.32,59,12,8,10,0,14,0,1,38257.50 ,655.50 ,1,1,65.09
0.4,1.76,4.32,23,14,0,2,0,13,0,0,2604.50 ,0.00 ,0,0,59.56
2,2.64,4.32,10,22,11,5,1,16,0,7,3501.00 ,100.00 ,1,1,66.69
0.4,2.64,4.32,13,30,0,1,0,17,0,6,2666.50 ,0.00 ,0,0,62.49
0.8,2.64,4.32,38,21,0,3,0,17,0,0,48520.00 ,0.00 ,0,0,65.64
0.6,1.76,4.32,10,19,0,1,0,12,0,4,8473.00 ,0.00 ,0,0,57.2
1.8,2.64,4.32,14,28,8,2,0,10,0,1,5064.00 ,110.50 ,1,1,64.9
0.8,2.64,4.32,10,7,0,2,0,10,0,7,4691.50 ,0.00 ,0,0,58.38
0.6,2.64,4.32,16,35,0,3,0,24,0,0,14533.00 ,30.50 ,0,1,69.15
0.6,2.64,4.32,10,19,0,3,0,14,0,22,3259.00 ,0.00 ,0,0,55.82
0.8,1.76,4.32,31,36,0,7,0,12,0,0,16900.00 ,0.00 ,0,1,61.42
0.6,2.64,4.32,26,30,0,4,0,19,0,0,35778.50 ,13.00 ,0,1,66.03
0.4,2.64,4.32,11,35,0,1,0,25,0,0,6937.00 ,0.00 ,0,0,62.51
1.2,1.76,4.32,8,23,5,4,0,9,0,3,2398.00 ,5.50 ,0,1,60.64
0.4,1.76,4.32,11,32,0,2,0,14,0,0,2337.00 ,0.00 ,0,1,61.44
0.6,3.52,5.76,75,33,0,4,0,25,0,0,131029.50 ,462.50 ,0,1,75.86
0.4,1.76,4.32,8,32,0,1,0,10,0,0,2775.50 ,0.00 ,0,0,59.26
1.4,2.64,4.32,12,22,3,3,0,10,0,0,4667.50 ,192.00 ,1,1,67.57
0.4,2.64,5.76,15,15,0,2,0,17,0,0,6826.50 ,45.50 ,0,1,62.97
1.2,2.64,5.76,12,35,8,4,0,27,0,0,4922.00 ,92.50 ,0,1,75.15
0.6,1.76,4.32,20,16,0,3,0,11,0,10,10158.00 ,0.00 ,0,0,58.67
0.8,2.64,4.32,43,38,0,3,0,27,0,0,42507.00 ,0.00 ,0,0,61.41
1.2,2.64,4.32,18,36,5,2,3,20,1,3,2762.50 ,44.50 ,0,1,68.6
0.4,2.64,4.32,9,34,0,1,0,26,0,0,1177.50 ,0.00 ,0,0,63.09
0.6,2.64,4.32,96,32,0,9,0,19,0,0,124963.00 ,0.00 ,0,0,67.63
1.2,0.88,4.32,9,40,7,4,0,21,0,0,10683.50 ,63.50 ,0,1,68.22
1,2.64,5.76,17,35,3,3,0,17,0,0,7371.00 ,103.00 ,0,1,65.06
0.6,2.64,4.32,9,28,0,2,0,13,0,0,927.50 ,0.00 ,0,0,55.86
0.4,2.64,4.32,15,41,0,2,0,22,0,0,4227.00 ,0.00 ,0,0,61.83
0.4,2.64,4.32,5,34,0,1,0,17,0,3,162.00 ,0.00 ,0,0,60.01
0.8,1.76,4.32,20,24,0,3,0,19,0,0,35474.50 ,0.00 ,0,0,61.84
0.8,3.52,4.32,186,39,0,4,1,16,1,17,46184.50 ,109.00 ,0,1,70.24
2,3.52,5.76,47,18,13,4,2,20,1,40,44596.50 ,0.00 ,1,0,68.97
1.8,2.64,4.32,85,31,7,6,0,28,0,0,101078.00 ,313.00 ,1,1,69.86
1.8,1.76,4.32,25,44,8,9,1,11,1,1,33187.00 ,570.50 ,1,1,66.61
1.2,1.76,4.32,30,32,9,3,0,19,0,0,8938.50 ,44.50 ,0,1,55.87
0.8,3.52,4.32,11,17,0,3,0,11,0,1,8167.00 ,0.00 ,0,0,60.21
0.4,2.64,4.32,318,41,0,1,1,24,1,7,94140.50 ,144.00 ,0,1,65.38
0.8,1.76,4.32,6,35,0,2,0,22,0,0,2593.00 ,0.00 ,0,0,58.13
0.6,2.64,4.32,18,37,0,3,0,29,0,0,8102.00 ,0.00 ,0,0,64.27
1.6,1.76,4.32,56,35,6,9,2,19,1,3,43916.50 ,600.50 ,1,1,66.95
0.8,1.76,4.32,26,33,0,3,0,16,0,0,18989.00 ,26.00 ,0,1,67.17
1.2,2.64,4.32,66,25,9,6,0,18,0,2,15472.50 ,0.00 ,0,0,59.26
1.2,2.64,4.32,42,22,6,5,0,31,0,1,28393.00 ,237.00 ,0,1,68.48
0.4,2.64,4.32,27,16,0,5,0,34,0,0,16948.50 ,0.00 ,0,0,62.67
0.8,2.2,4.32,16,42,0,3,0,11,0,2,18574.50 ,0.00 ,0,0,61.36
0.4,1.32,4.32,6,31,0,2,0,21,0,4,5133.50 ,0.00 ,0,0,59.36
1.8,2.64,4.32,40,16,8,2,0,15,0,10,16075.50 ,3.00 ,1,1,55.12
0.6,2.64,5.76,92,46,0,7,0,28,0,74,36113.50 ,0.00 ,0,0,72.32
1.2,3.52,6.48,44,37,3,6,0,12,0,7,22392.50 ,0.00 ,0,0,74.94
2,1.76,5.76,41,52,10,6,0,30,0,56,44887.00 ,899.00 ,1,1,75.15
0.8,2.64,5.76,15,22,0,5,0,11,0,2,3152.00 ,0.00 ,0,0,67.04
0.6,2.64,4.32,9,31,0,3,1,19,1,5,6446.00 ,28.00 ,0,1,66.09
0.8,1.76,4.32,11,33,0,9,0,46,0,10,57055.50 ,0.00 ,0,1,61.3
0.6,1.76,4.32,12,17,0,3,1,8,1,7,3978.00 ,0.00 ,0,0,60.82
1.2,1.76,4.32,22,21,5,4,1,11,1,4,6528.00 ,67.50 ,0,1,65.09
0.8,2.64,5.76,14,12,0,4,0,13,0,0,8147.50 ,0.00 ,0,0,60.65
1.4,2.64,5.76,10,12,4,4,4,11,1,11,7302.50 ,157.00 ,1,1,70.67
0.6,2.64,2.88,29,42,0,9,0,25,0,6,9778.50 ,0.00 ,0,0,66.87
1.8,1.76,4.32,16,30,7,3,0,19,0,1,3552.00 ,0.00 ,1,0,66.43
1.2,2.64,4.32,13,16,8,8,0,23,0,1,10179.00 ,83.00 ,0,1,63.67
0.6,3.52,4.32,97,26,0,6,3,37,1,1,14953.00 ,0.00 ,0,0,70.24
0.4,1.76,4.32,8,36,0,0,0,12,0,5,4516.50 ,0.00 ,0,0,58.13
0.6,1.76,4.32,4,45,0,1,0,13,0,0,12.00 ,0.00 ,0,0,55.92
0.6,2.2,4.32,5,50,0,2,0,28,0,0,444.00 ,0.00 ,0,0,56.84
0.4,2.64,4.32,14,30,0,2,2,10,0,2,5744.50 ,0.00 ,0,0,60.41
0.4,2.64,4.32,9,32,0,2,1,33,0,2,23150.00 ,0.00 ,0,0,54.99
0.6,1.76,4.32,12,31,0,3,2,16,0,0,3958.50 ,0.00 ,0,0,64.83
0.4,3.52,5.76,62,10,0,5,1,12,1,4,25813.50 ,0.00 ,0,0,65.86
2,2.64,5.04,22,39,12,6,3,24,0,6,7538.50 ,0.00 ,1,1,70.49
1.2,3.52,5.76,87,17,1,8,0,47,0,103,66960.00 ,0.00 ,1,0,68.93
0.6,2.64,6.48,7,39,0,2,0,23,0,0,4626.00 ,0.00 ,0,0,69.11
0.4,1.76,2.88,10,28,0,1,0,9,0,2,564.50 ,0.00 ,0,0,58.58
0.6,2.64,4.32,14,35,0,2,0,17,0,0,1062.00 ,0.00 ,0,0,57.1
0.4,1.76,4.32,5,37,0,1,0,28,0,0,6428.50 ,0.00 ,0,0,54.08
0.6,1.76,4.32,10,38,0,2,0,13,0,0,1475.00 ,0.00 ,0,0,59.78
0.4,2.64,4.32,10,27,0,1,0,15,0,3,1596.00 ,0.00 ,0,0,63.39
0.8,3.52,4.32,118,36,0,6,0,16,0,178,47433.50 ,17.00 ,0,1,70.42
1.2,1.76,4.32,14,18,1,3,0,11,0,2,5847.50 ,206.50 ,0,1,64.17
0.6,1.76,4.32,7,37,0,2,0,16,0,0,2958.00 ,0.00 ,0,0,60.42
0.4,2.64,4.32,5,39,0,1,0,13,0,1,1179.00 ,0.00 ,0,0,57.13
2,3.52,5.76,14,25,12,4,1,27,1,12,10173.00 ,151.50 ,1,1,71.67
0.6,2.64,4.32,25,40,0,3,0,27,0,1,697.00 ,0.00 ,0,0,64.09
0.6,2.64,4.32,28,9,0,2,0,11,0,0,5170.00 ,0.00 ,0,0,52.39
0.6,2.2,4.32,4,17,0,2,0,20,0,4,334.00 ,0.00 ,0,0,50.3
1.2,2.64,4.32,14,36,5,6,0,24,0,5,7857.00 ,114.50 ,0,1,67.8
0.6,2.64,4.32,4,27,0,2,0,12,0,2,2810.50 ,0.00 ,0,0,57.96
1.2,2.64,5.76,55,35,9,4,0,16,0,46,35892.00 ,0.00 ,0,0,71.59
1.6,2.64,5.76,18,14,5,3,2,11,1,48,6200.50 ,8.50 ,1,1,57.95
1.8,2.64,4.32,74,33,8,5,0,26,0,60,64395.00 ,77.50 ,1,1,75.84
2,1.76,4.32,39,24,11,8,0,29,0,17,26245.00 ,136.50 ,1,1,64.7
0.6,2.64,5.76,41,21,0,4,0,33,0,103,29194.50 ,0.00 ,0,0,67.14
1,2.64,4.32,9,33,0,3,0,13,0,5,3816.50 ,58.00 ,0,1,63.39
0.8,2.2,4.32,10,10,0,4,0,13,0,1,1176.50 ,25.00 ,0,1,60.19
0.6,3.52,5.76,33,24,0,3,4,26,0,5,55600.50 ,4.50 ,0,1,71.66
0.4,1.76,5.76,27,27,0,2,2,23,0,1,50001.00 ,0.00 ,0,0,67.04
0.4,1.76,4.32,50,12,0,2,0,11,0,0,6181.00 ,0.00 ,0,0,54
1,2.64,4.32,9,29,3,4,0,13,0,2,3171.00 ,0.00 ,0,0,62.98
1,3.52,5.76,15,31,4,3,2,15,1,8,8623.00 ,56.50 ,0,1,76.97
1,3.52,5.76,6,28,4,4,3,30,1,2,10653.50 ,370.00 ,0,1,69.61
0.4,1.76,4.32,30,19,0,3,0,21,0,0,20383.50 ,0.00 ,0,0,61.03
0.8,2.2,4.32,25,33,0,2,0,12,0,2,5771.50 ,0.00 ,0,0,64.93
1,3.52,5.76,9,13,2,3,1,15,0,5,1028.00 ,45.50 ,0,1,70.14
0.4,1.76,5.76,5,15,0,1,0,18,0,3,530.00 ,0.00 ,0,0,52.58
1,3.52,4.32,26,23,2,4,1,25,1,6,15494.50 ,8.50 ,0,1,64.15
0.4,2.64,4.32,8,34,0,1,0,12,0,0,2173.00 ,0.00 ,0,0,61.22
1,1.76,5.04,48,54,1,5,1,31,1,8,26822.50 ,0.00 ,0,0,71.91
0.6,2.64,4.32,6,30,0,3,0,9,0,6,2428.50 ,0.00 ,0,0,65.26
0.4,3.52,4.32,17,24,0,2,0,19,0,2,6871.50 ,8.50 ,0,1,63.85
0.6,3.52,5.76,15,14,0,4,2,32,1,12,28981.50 ,0.00 ,0,0,63.8
0.4,2.2,4.32,6,37,0,1,0,12,0,1,2197.00 ,0.00 ,0,0,61.78
1,2.64,5.76,14,33,2,2,2,24,0,1,7000.50 ,16.00 ,0,1,68.24
0.4,2.64,5.76,38,33,0,2,0,35,0,0,18369.50 ,0.00 ,0,0,66.93
0.4,2.64,4.32,7,29,0,2,0,18,0,3,1928.00 ,0.00 ,0,0,62.61
0.6,2.64,4.32,5,32,0,4,0,12,0,4,1239.50 ,0.00 ,0,0,61.58
2,3.52,5.76,99,15,10,7,1,17,1,9,68265.00 ,390.00 ,1,1,67.45
1.2,1.76,5.76,68,47,8,3,1,31,0,0,11182.50 ,0.00 ,0,0,68.3
0.4,2.64,4.32,9,29,0,1,0,13,0,0,3118.00 ,0.00 ,0,0,67.86
0.6,1.76,4.32,15,23,0,3,0,15,0,0,1736.00 ,0.50 ,0,1,58.78
0.6,2.64,4.32,12,50,0,2,0,41,0,0,3173.00 ,0.00 ,0,0,66.71
1.2,2.64,4.32,12,19,6,3,4,11,0,7,8640.50 ,58.00 ,0,1,71.28
0.4,0.88,4.32,15,34,0,2,0,10,0,0,2768.50 ,0.00 ,0,0,63.05
0.4,1.76,4.32,11,32,0,2,1,10,1,0,3630.50 ,0.00 ,0,0,59.56
0.6,1.76,4.32,7,30,0,1,0,19,0,0,475.00 ,0.00 ,0,0,54.59
0.4,1.76,4.32,8,32,0,1,2,18,0,0,912.00 ,0.00 ,0,0,66.46
0.6,2.64,5.76,32,20,0,5,0,23,0,5,24504.50 ,29.50 ,0,1,69.39
0.4,1.76,5.76,7,30,0,1,0,12,0,0,1277.00 ,0.00 ,0,0,59.19
1,2.64,4.32,30,26,0,3,0,28,0,0,15356.50 ,0.00 ,0,0,68.48
1,3.52,4.32,11,32,4,4,0,10,0,6,6013.50 ,13.00 ,0,1,65.67
0.4,0.88,3.6,8,35,0,1,0,11,0,0,1705.00 ,0.00 ,0,0,58.43
0.4,1.76,4.32,24,23,0,1,0,10,0,0,4588.00 ,0.00 ,0,0,60.4
1.2,2.64,5.76,38,19,10,2,3,35,1,11,20273.50 ,404.50 ,0,1,77.23
1.2,3.52,5.76,25,21,0,4,2,17,1,3,7431.00 ,35.00 ,1,1,74.64
0.4,1.76,4.32,5,11,0,1,0,13,0,0,3660.50 ,0.00 ,0,0,56.37
0.4,0.88,2.88,10,35,0,1,0,10,0,0,1246.50 ,0.00 ,0,0,58.87
1.2,3.52,4.32,16,10,2,4,0,9,0,10,19532.50 ,0.00 ,1,0,61.67
1,3.52,5.76,11,33,2,2,3,9,1,1,2345.00 ,46.00 ,0,1,69.57
0.4,0.88,4.32,9,44,0,1,0,30,0,1,2149.50 ,0.00 ,0,0,62.38
1.2,2.64,5.76,74,44,0,6,4,18,0,17,30761.50 ,0.00 ,1,0,77.18
0.4,1.76,2.88,10,35,0,2,0,21,0,0,2643.00 ,0.00 ,0,0,61.55
1.2,2.64,5.76,29,36,11,2,0,23,0,1,5112.00 ,51.00 ,0,1,73.16
1,1.76,4.32,11,14,3,2,0,13,0,0,3557.50 ,54.00 ,0,1,58.07
1,1.76,4.32,26,29,3,3,0,11,0,0,15624.00 ,0.00 ,0,0,71.94
0.6,2.64,4.32,11,27,0,4,3,27,0,7,7406.50 ,0.00 ,0,0,72.65
0.2,1.76,4.32,9,16,0,1,0,11,0,0,1352.00 ,20.00 ,0,1,63.41
0.6,1.76,4.32,13,4,0,3,0,16,0,5,3462.50 ,0.00 ,0,0,59.22
0.4,2.64,2.88,74,34,0,5,0,14,0,2,55913.50 ,0.00 ,0,0,67.44
0.4,0.88,2.88,3,30,0,1,0,11,0,0,7036.00 ,0.00 ,0,0,50.11
1.2,3.52,5.76,30,39,5,6,1,25,0,9,6976.50 ,233.50 ,0,1,75.34
1,3.52,2.88,8,27,3,1,0,12,0,3,2760.00 ,0.00 ,0,1,65.06
2,3.52,5.76,238,13,11,30,1,45,1,67,94364.00 ,1195.00 ,1,1,77.69
1.6,3.52,5.76,30,24,6,5,3,9,1,7,5715.00 ,74.00 ,1,1,74.38
0.8,2.64,5.76,13,45,0,3,0,19,0,0,4787.00 ,38.50 ,0,1,75.09
0.6,1.76,4.32,11,29,0,3,0,41,0,0,2471.50 ,0.00 ,0,0,60.88
0.4,1.76,4.32,3,23,0,1,0,28,0,0,1316.00 ,0.00 ,0,0,60.42
1,3.52,5.76,13,28,1,3,0,12,0,6,2130.50 ,39.50 ,0,1,73.2
2,1.76,4.32,7,19,11,3,1,21,1,12,1086.50 ,0.00 ,1,0,64.38
0.4,1.76,4.32,40,0,0,1,0,45,0,0,17828.50 ,0.00 ,0,0,56.44
0.4,0.88,4.32,5,36,0,1,0,10,0,0,2659.50 ,0.00 ,0,0,61.37
0.6,2.64,4.32,155,24,0,8,1,27,0,14,30966.00 ,0.00 ,0,0,64.13
0.4,2.64,5.76,17,15,0,2,0,32,0,0,4781.50 ,0.00 ,0,0,61.61
0.4,2.64,4.32,32,45,0,2,0,15,0,0,4389.50 ,0.00 ,0,0,62.97
0.4,1.76,4.32,34,16,0,2,0,16,0,0,3964.50 ,0.00 ,0,0,59.75
1,2.64,4.32,27,32,4,2,3,13,1,2,7670.50 ,0.00 ,0,0,71.61
0.4,2.64,4.32,51,18,0,2,2,20,0,20,12546.50 ,0.00 ,0,0,66.48
0.8,2.64,6.48,34,42,0,4,2,23,0,16,18725.50 ,81.50 ,0,1,81.97
1,2.64,4.32,28,19,0,3,0,13,0,0,8354.00 ,0.00 ,0,0,69.03
1.2,2.64,4.32,18,22,5,1,1,17,0,6,4205.50 ,0.00 ,0,0,66.5
0.4,2.64,4.32,12,40,0,3,0,21,0,0,2652.00 ,0.00 ,0,0,69.74
1,2.64,4.32,37,41,4,4,1,22,0,0,7004.00 ,0.00 ,0,0,68.72
0.6,2.64,4.32,12,37,0,2,0,33,0,3,4877.50 ,0.50 ,0,1,69.03
0.8,2.64,4.32,18,17,0,3,0,20,0,0,5206.50 ,0.00 ,0,0,64.92
1,2.64,4.32,13,28,1,3,1,19,0,0,3637.00 ,17.00 ,0,1,68.75
0.6,2.64,4.32,37,46,0,7,2,49,0,2,14785.00 ,0.00 ,0,1,69.9
1.2,2.64,4.32,96,33,0,2,0,41,0,0,50654.00 ,0.00 ,1,0,64.93
0.6,2.64,4.32,28,25,0,3,1,20,0,0,6431.00 ,0.00 ,0,0,69.82
2,2.64,5.76,59,41,11,6,0,31,0,9,17769.50 ,0.00 ,1,0,79.67
0.8,2.64,5.76,26,26,0,4,4,18,1,115,5890.50 ,36.00 ,0,1,69.95
0.4,2.64,4.32,22,45,0,2,0,27,0,0,2735.50 ,0.00 ,0,0,66.87
1.2,2.64,4.32,215,34,8,7,5,24,1,15,61117.00 ,725.00 ,0,1,73.27
0.6,0.88,5.76,9,25,0,2,0,20,0,0,1046.00 ,0.00 ,0,0,62.91
0.6,2.64,4.32,11,34,0,3,0,21,0,3,2713.50 ,0.00 ,0,0,69.58
0.6,2.64,4.32,10,32,0,2,1,14,0,0,2237.50 ,0.00 ,0,0,68.17
1.6,2.64,4.32,26,34,6,3,2,27,1,4,3223.00 ,111.50 ,0,1,74.73
0.4,0.88,4.32,14,17,0,1,0,12,0,0,2131.00 ,0.00 ,0,0,53.41
0.4,1.76,4.32,29,19,0,1,0,12,0,0,6406.00 ,4.50 ,0,1,56.99
0.6,2.64,4.32,27,43,0,2,0,16,0,0,8176.50 ,0.00 ,0,0,67.03
1.2,0.88,2.88,9,40,2,4,0,33,0,0,916.00 ,0.00 ,1,0,56.08
0.4,1.76,4.32,15,42,0,1,0,23,0,0,2550.50 ,0.00 ,0,0,57.77
0.4,2.64,4.32,4,26,0,1,0,10,0,0,2491.50 ,0.00 ,0,0,60.03
0.4,0.88,4.32,15,41,0,1,0,11,0,0,1532.50 ,0.00 ,0,0,63.25
0.8,1.76,2.88,18,35,0,4,2,12,0,0,3400.00 ,0.00 ,0,0,63.7
1.6,3.52,5.76,16,21,6,4,0,12,0,1,1637.00 ,130.50 ,1,1,71.74
0.4,1.76,4.32,10,24,0,1,1,11,0,0,3012.50 ,0.00 ,0,0,56.54
0.8,1.76,4.32,7,39,0,2,0,28,0,0,1720.00 ,0.00 ,0,0,64.64
0.6,3.52,4.32,15,32,0,2,0,17,0,1,1904.50 ,0.00 ,0,0,70.12
0.6,2.2,4.32,19,31,0,4,0,22,0,1,5368.50 ,0.00 ,0,0,68.93
0.6,1.76,4.32,8,23,0,3,0,26,0,0,1668.50 ,0.00 ,0,0,65.09
0.4,2.64,4.32,8,9,0,1,0,11,0,0,2418.50 ,0.00 ,0,0,63.02
0.4,2.64,4.32,6,17,0,1,0,10,0,0,1209.00 ,0.00 ,0,0,57.3
1.4,2.64,4.32,24,10,4,5,0,11,0,1,15239.50 ,106.00 ,1,1,67.98
0.4,1.76,4.32,12,37,0,2,0,30,0,0,1358.50 ,0.00 ,0,0,64.44
1.2,2.64,4.32,44,42,2,3,0,13,0,5,5080.50 ,24.50 ,1,1,76.81
1.2,1.76,4.32,8,26,5,2,0,9,0,0,1244.00 ,58.50 ,0,1,67
0.4,2.64,4.32,9,23,0,1,0,21,0,0,2120.00 ,0.00 ,0,0,64.28
0.4,2.64,5.76,25,28,0,2,0,31,0,1,13905.50 ,0.00 ,0,0,72.05
0.4,2.64,4.32,5,19,0,1,0,22,0,0,1209.50 ,0.00 ,0,0,61.14
0.6,2.64,5.76,5,23,0,1,0,10,0,0,2006.50 ,0.00 ,0,0,69.41
0.8,2.64,4.32,110,41,0,7,0,43,0,9,17376.00 ,390.00 ,0,1,77.97
0.6,1.76,4.32,5,32,0,3,0,11,0,0,1303.50 ,0.00 ,0,0,58.44
1.2,1.76,4.32,92,32,8,7,0,23,0,4,16954.50 ,171.50 ,0,1,71.84
2,3.52,5.76,235,40,22,9,1,28,1,31,31169.50 ,426.50 ,1,1,88
2,3.08,6.48,126,32,12,7,4,31,1,73,64712.00 ,0.00 ,1,0,85.35
2,3.52,5.76,20,23,13,6,8,51,0,4,22753.00 ,0.00 ,1,0,74.51
0.4,2.64,4.32,6,23,0,1,1,26,0,0,2054.50 ,0.00 ,0,0,58.58
0.8,3.52,5.76,63,54,0,8,9,38,0,21,41652.00 ,0.00 ,0,0,84.73
2,3.52,5.76,73,54,23,5,4,37,1,13,33089.50 ,856.00 ,1,1,73.81
0.6,2.64,4.32,11,23,0,3,0,18,0,0,2932.50 ,0.00 ,0,0,62.15
1.2,4.4,4.32,31,41,7,6,0,14,0,1,52813.00 ,12.00 ,0,1,77.29
1.8,4.4,5.76,41,12,7,7,4,12,1,9,11967.50 ,292.50 ,1,1,76.91
1.8,3.52,5.76,43,30,8,6,2,16,1,27,10085.50 ,208.50 ,1,1,78.38
0.6,2.64,4.32,11,25,0,1,1,36,1,63,1483.50 ,0.00 ,0,0,67.12
2,2.64,4.32,5,20,14,1,1,19,1,20,2874.00 ,259.50 ,1,1,66.03
1.8,3.52,5.76,76,8,7,9,4,23,1,26,27947.00 ,371.00 ,1,1,78.22
0.4,3.52,4.32,11,19,0,1,3,21,0,16,2709.50 ,0.00 ,0,0,58.83
0.4,2.64,4.32,10,34,0,1,0,23,0,0,5548.50 ,0.00 ,0,0,62.44
2,3.52,6.48,56,33,21,13,5,24,1,32,7830.50 ,686.50 ,1,1,86.09
1.2,3.52,4.32,20,32,10,3,3,24,0,4,12642.50 ,472.50 ,0,1,74.68
2,3.52,5.76,14,20,14,5,3,36,1,12,2994.50 ,214.50 ,1,1,73.71
1.8,3.52,5.76,96,17,8,26,2,14,1,96,15785.00 ,747.50 ,1,1,81.11
0.6,2.64,5.76,36,15,0,3,0,20,0,1,53938.50 ,0.00 ,0,0,72
1.8,3.52,4.32,12,19,9,6,2,13,1,28,2307.00 ,690.50 ,1,1,68.72
0.4,2.64,4.32,20,24,0,2,0,13,0,0,6372.50 ,0.00 ,0,0,61.66
2,3.52,5.76,50,32,11,5,3,22,0,5,36301.50 ,741.00 ,1,1,84.32
2,2.64,5.76,63,19,12,7,2,15,1,63,4287.50 ,370.00 ,1,1,73.78
2,3.52,5.76,23,40,19,6,2,25,1,9,11754.00 ,244.50 ,1,1,80.05
1.2,2.64,4.32,12,14,6,3,0,9,0,0,1050.00 ,0.50 ,0,1,58.66
2,3.52,4.32,45,36,16,5,2,24,1,10,47739.50 ,288.50 ,1,1,75.43
1.8,3.52,4.32,16,35,9,3,3,17,1,12,3028.50 ,217.00 ,1,1,79.16
2,3.52,5.76,12,37,11,7,2,23,1,0,7626.00 ,94.50 ,1,1,74.49
2,4.4,5.76,77,25,28,19,1,40,0,22,53490.00 ,12.50 ,1,1,86.02
2,3.52,5.76,25,8,26,10,3,36,1,4,12092.00 ,401.00 ,1,1,77.61
1.2,2.64,5.76,9,13,9,3,2,12,1,9,2567.50 ,1.50 ,0,1,68.83
2,3.52,4.32,44,38,12,7,1,17,0,4,37832.50 ,57.00 ,1,1,73.53
2,1.76,4.32,46,29,35,4,0,49,0,0,34113.50 ,0.00 ,1,0,66.8
2,3.52,4.32,67,24,13,11,3,19,0,38,42994.00 ,0.00 ,1,0,72.78
0.4,3.52,5.76,30,34,0,1,1,15,0,2,9155.50 ,0.00 ,0,0,68.34
0.4,2.64,4.32,4,23,0,1,0,14,0,3,1201.00 ,0.00 ,0,0,61.14
2,4.4,5.76,30,29,18,8,3,21,1,32,4894.00 ,820.50 ,1,1,87.3
1.6,3.52,5.76,10,0,6,5,0,9,0,15,2601.50 ,119.50 ,1,1,72
1.6,2.64,4.32,71,10,5,11,1,10,0,3,5814.00 ,125.00 ,1,1,60.98
1.8,2.64,4.32,29,28,7,9,0,12,0,24,5852.50 ,46.50 ,1,1,72.91
2,3.52,5.76,111,26,15,6,3,20,0,9,57397.00 ,300.00 ,1,1,77.51
0.8,3.52,4.32,19,19,0,3,2,14,1,11,5558.00 ,0.00 ,0,0,69.2
0.6,2.64,4.32,8,19,0,2,0,11,0,1,5111.00 ,9.50 ,0,1,55.63
2,3.52,5.76,59,41,15,5,7,37,1,28,42601.50 ,538.50 ,1,1,78.72
2,2.64,4.32,16,35,22,5,1,25,1,0,9274.50 ,330.50 ,1,1,81.21
1.8,2.64,5.76,32,16,9,7,9,11,1,15,5491.00 ,350.50 ,1,1,77.02
1.6,3.52,5.76,47,29,6,6,1,17,0,1,28046.00 ,101.50 ,1,1,78.04
2,3.52,5.76,56,23,19,6,1,26,1,3,24331.50 ,0.00 ,1,0,77.77
2,3.52,5.76,41,32,12,5,1,24,1,2,42353.00 ,98.50 ,1,1,77.94
1.2,2.64,4.32,33,24,0,4,1,10,0,0,5369.50 ,25.00 ,1,1,67.94
1.8,3.52,5.76,9,20,9,1,1,19,0,2,3843.00 ,151.50 ,1,1,73.96
0.6,2.64,4.32,8,39,0,2,0,29,0,0,3366.00 ,1.00 ,0,1,67.19
1,3.52,3.6,11,38,3,3,0,24,0,1,1847.00 ,0.00 ,0,0,69.73
1.6,2.64,4.32,30,8,6,6,5,10,1,2,12853.50 ,147.00 ,1,1,61.46
1.6,3.52,5.76,8,14,6,3,0,11,0,43,1065.00 ,587.50 ,1,1,67.54
